,code,name
0,0x0,uni0000
1,0x1d,uni0000
2,0x20,space
3,0x21,exclam
4,0x22,quotedbl
5,0x23,numbersign
6,0x24,dollar
7,0x25,percent
8,0x26,ampersand
9,0x27,quotesingle
10,0x28,parenleft
11,0x29,parenright
12,0x2a,asterisk
13,0x2b,plus
14,0x2c,comma
15,0x2d,hyphen
16,0x2e,period
17,0x2f,slash
18,0x30,zero
19,0x31,one
20,0x32,two
21,0x33,three
22,0x34,four
23,0x35,five
24,0x36,six
25,0x37,seven
26,0x38,eight
27,0x39,nine
28,0x3a,colon
29,0x3b,semicolon
30,0x3c,less
31,0x3d,equal
32,0x3e,greater
33,0x3f,question
34,0x40,at
35,0x41,A
36,0x42,B
37,0x43,C
38,0x44,D
39,0x45,E
40,0x46,F
41,0x47,G
42,0x48,H
43,0x49,I
44,0x4a,J
45,0x4b,K
46,0x4c,L
47,0x4d,M
48,0x4e,N
49,0x4f,O
50,0x50,P
51,0x51,Q
52,0x52,R
53,0x53,S
54,0x54,T
55,0x55,U
56,0x56,V
57,0x57,W
58,0x58,X
59,0x59,Y
60,0x5a,Z
61,0x5b,bracketleft
62,0x5c,backslash
63,0x5d,bracketright
64,0x5e,asciicircum
65,0x5f,underscore
66,0x60,grave
67,0x61,a
68,0x62,b
69,0x63,c
70,0x64,d
71,0x65,e
72,0x66,f
73,0x67,g
74,0x68,h
75,0x69,i
76,0x6a,j
77,0x6b,k
78,0x6c,l
79,0x6d,m
80,0x6e,n
81,0x6f,o
82,0x70,p
83,0x71,q
84,0x72,r
85,0x73,s
86,0x74,t
87,0x75,u
88,0x76,v
89,0x77,w
90,0x78,x
91,0x79,y
92,0x7a,z
93,0x7b,braceleft
94,0x7c,bar
95,0x7d,braceright
96,0x7e,asciitilde
97,0xa0,uni00A0
98,0xa1,exclamdown
99,0xa2,cent
100,0xa3,sterling
101,0xa4,currency
102,0xa5,yen
103,0xa6,brokenbar
104,0xa7,section
105,0xa8,dieresis
106,0xa9,copyright
107,0xaa,ordfeminine
108,0xab,guillemotleft
109,0xac,logicalnot
110,0xad,uni00AD
111,0xae,registered
112,0xaf,macron
113,0xb0,degree
114,0xb1,plusminus
115,0xb2,uni00B2
116,0xb3,uni00B3
117,0xb4,acute
118,0xb5,mu
119,0xb6,paragraph
120,0xb7,periodcentered
121,0xb8,cedilla
122,0xb9,uni00B9
123,0xba,ordmasculine
124,0xbb,guillemotright
125,0xbc,onequarter
126,0xbd,onehalf
127,0xbe,threequarters
128,0xbf,questiondown
129,0xc6,AE
130,0xe6,ae
131,0x131,idotless
132,0x17f,longs
133,0x237,jdotless
134,0x2b9,primemod
135,0x2ba,doubleprimemod
136,0x2bc,apostrophemod
137,0x2be,righthalfringmod
138,0x2bf,lefthalfringmod
139,0x2c6,circumflexmod
140,0x2ca,acutemod
141,0x2cb,gravemod
142,0x2d8,brevemod
143,0x2d9,dotaccentmod
144,0x2da,ringmod
145,0x2dc,tildemod
146,0x300,gravecomb
147,0x301,acutecomb
148,0x302,circumflexcomb
149,0x303,tildecomb
150,0x304,macroncomb
151,0x305,overlinecomb
152,0x306,brevecomb
153,0x307,dotaccentcomb
154,0x308,dieresiscomb
155,0x30a,ringcomb
156,0x30c,caroncomb
157,0x313,commacomb
158,0x314,reversedcommacomb
159,0x323,dotbelowcomb
160,0x32f,invertedbrevebelowcomb
161,0x336,strokelongcomb
162,0x340,gravetonemarkcomb
163,0x341,acutetonemarkcomb
164,0x342,greekperispomenicomb
165,0x343,greekkoroniscomb
166,0x344,greekdialytikatonoscomb
167,0x345,greekypogegrammenicomb
168,0x351,lefthalfringcomb
169,0x357,righthalfringcomb
170,0x359,asteriskbelowcomb
171,0x374,greeknumeralsignmod
172,0x375,lowernumeralsignmod-grek
173,0x37a,ypogegrammenimod-grek
174,0x37e,greekquestionmark
175,0x384,tonosmod-grek
176,0x385,greekdialytikatonosmod
177,0x386,Alphatonos-grek
178,0x388,Epsilontonos-grek
179,0x389,Etatonos-grek
180,0x38a,Iotatonos-grek
181,0x38c,Omicrontonos-grek
182,0x38e,Upsilontonos-grek
183,0x38f,Omegatonos-grek
184,0x390,iotadialytikatonos-grek
185,0x391,Alpha-grek
186,0x392,Beta-grek
187,0x393,Gamma-grek
188,0x394,Delta-grek
189,0x395,Epsilon-grek
190,0x396,Zeta-grek
191,0x397,Eta-grek
192,0x398,Theta-grek
193,0x399,Iota-grek
194,0x39a,Kappa-grek
195,0x39b,Lamda-grek
196,0x39c,Mu-grek
197,0x39d,Nu-grek
198,0x39e,Xi-grek
199,0x39f,Omicron-grek
200,0x3a0,Pi-grek
201,0x3a1,Rho-grek
202,0x3a3,Sigma-grek
203,0x3a4,Tau-grek
204,0x3a5,Upsilon-grek
205,0x3a6,Phi-grek
206,0x3a7,Chi-grek
207,0x3a8,Psi-grek
208,0x3a9,Omega-grek
209,0x3aa,Iotadialytika-grek
210,0x3ab,Upsilondialytika-grek
211,0x3ac,alphatonos-grek
212,0x3ad,epsilontonos-grek
213,0x3ae,etatonos-grek
214,0x3af,iotatonos-grek
215,0x3b0,upsilondialytikatonos-grek
216,0x3b1,alpha-grek
217,0x3b2,beta-grek
218,0x3b3,gamma-grek
219,0x3b4,delta-grek
220,0x3b5,epsilon-grek
221,0x3b6,zeta-grek
222,0x3b7,eta-grek
223,0x3b8,theta-grek
224,0x3b9,iota-grek
225,0x3ba,kappa-grek
226,0x3bb,lamda-grek
227,0x3bc,mu-grek
228,0x3bd,nu-grek
229,0x3be,xi-grek
230,0x3bf,omicron-grek
231,0x3c0,pi-grek
232,0x3c1,rho-grek
233,0x3c2,finalsigma-grek
234,0x3c3,sigma-grek
235,0x3c4,tau-grek
236,0x3c5,upsilon-grek
237,0x3c6,phi-grek
238,0x3c7,chi-grek
239,0x3c8,psi-grek
240,0x3c9,omega-grek
241,0x3ca,iotadialytika-grek
242,0x3cb,upsilondialytika-grek
243,0x3cc,omicrontonos-grek
244,0x3cd,upsilontonos-grek
245,0x3ce,omegatonos-grek
246,0x3d0,betasymbol-grek
247,0x3d1,thetasymbol-grek
248,0x3d5,phisymbol-grek
249,0x3d6,pisymbol-grek
250,0x3d7,kaisymbol-grek
251,0x591,accentetnahtacomb-hebr
252,0x592,accentsegolcomb-hebr
253,0x593,accentshalsheletcomb-hebr
254,0x594,accentzaqefqatancomb-hebr
255,0x595,accentzaqefgadolcomb-hebr
256,0x596,accenttipehacomb-hebr
257,0x597,accentreviacomb-hebr
258,0x598,accentzarqacomb-hebr
259,0x599,accentpashtacomb-hebr
260,0x59a,accentyetivcomb-hebr
261,0x59b,accenttevircomb-hebr
262,0x59c,accentgereshcomb-hebr
263,0x59d,accentgereshmuqdamcomb-hebr
264,0x59e,accentgershayimcomb-hebr
265,0x59f,accentqarneyparacomb-hebr
266,0x5a0,accenttelishagedolacomb-hebr
267,0x5a1,accentpazercomb-hebr
268,0x5a2,accentatnahhafukhcomb-hebr
269,0x5a3,accentmunahcomb-hebr
270,0x5a4,accentmahapakhcomb-hebr
271,0x5a5,accentmerkhacomb-hebr
272,0x5a6,accentmerkhakefulacomb-hebr
273,0x5a7,accentdargacomb-hebr
274,0x5a8,accentqadmacomb-hebr
275,0x5a9,accenttelishaqetanacomb-hebr
276,0x5aa,accentyerahbenyomocomb-hebr
277,0x5ab,accentolecomb-hebr
278,0x5ac,accentiluycomb-hebr
279,0x5ad,accentdehicomb-hebr
280,0x5ae,accentzinorcomb-hebr
281,0x5af,markmasoracirclecomb-hebr
282,0x5b0,shevacomb-hebr
283,0x5b1,hatafsegolcomb-hebr
284,0x5b2,hatafpatahcomb-hebr
285,0x5b3,hatafqamatscomb-hebr
286,0x5b4,hiriqcomb-hebr
287,0x5b5,tserecomb-hebr
288,0x5b6,segolcomb-hebr
289,0x5b7,patahcomb-hebr
290,0x5b8,qamatscomb-hebr
291,0x5b9,holamcomb-hebr
292,0x5ba,holamhaserforvavcomb-hebr
293,0x5bb,qubutscomb-hebr
294,0x5bc,dageshormapiqcomb-hebr
295,0x5bd,metegcomb-hebr
296,0x5be,maqaf-hebr
297,0x5bf,rafecomb-hebr
298,0x5c0,punctuationpaseq-hebr
299,0x5c1,shindotcomb-hebr
300,0x5c2,sindotcomb-hebr
301,0x5c3,punctuationsofpasuq-hebr
302,0x5c4,markupperdotcomb-hebr
303,0x5c5,marklowerdotcomb-hebr
304,0x5c6,punctuationnunhafukha-hebr
305,0x5c7,qamatsqatancomb-hebr
306,0x5d0,alef-hebr
307,0x5d1,bet-hebr
308,0x5d2,gimel-hebr
309,0x5d3,dalet-hebr
310,0x5d4,he-hebr
311,0x5d5,vav-hebr
312,0x5d6,zayin-hebr
313,0x5d7,het-hebr
314,0x5d8,tet-hebr
315,0x5d9,yod-hebr
316,0x5da,finalkaf-hebr
317,0x5db,kaf-hebr
318,0x5dc,lamed-hebr
319,0x5dd,finalmem-hebr
320,0x5de,mem-hebr
321,0x5df,finalnun-hebr
322,0x5e0,nun-hebr
323,0x5e1,samekh-hebr
324,0x5e2,ayin-hebr
325,0x5e3,finalpe-hebr
326,0x5e4,pe-hebr
327,0x5e5,finaltsadi-hebr
328,0x5e6,tsadi-hebr
329,0x5e7,qof-hebr
330,0x5e8,resh-hebr
331,0x5e9,shin-hebr
332,0x5ea,tav-hebr
333,0x5f0,yiddishdoublevav-hebr
334,0x5f1,yiddishvavyod-hebr
335,0x5f2,yiddishdoubleyod-hebr
336,0x5f3,punctuationgeresh-hebr
337,0x5f4,punctuationgershayim-hebr
338,0x1f00,alphapsili-grek
339,0x1f01,alphadasia-grek
340,0x1f02,alphapsilivaria-grek
341,0x1f03,alphadasiavaria-grek
342,0x1f04,alphapsilioxia-grek
343,0x1f05,alphadasiaoxia-grek
344,0x1f06,alphapsiliperispomeni-grek
345,0x1f07,alphadasiaperispomeni-grek
346,0x1f08,Alphapsili-grek
347,0x1f09,Alphadasia-grek
348,0x1f0a,Alphapsilivaria-grek
349,0x1f0b,Alphadasiavaria-grek
350,0x1f0c,Alphapsilioxia-grek
351,0x1f0d,Alphadasiaoxia-grek
352,0x1f0e,Alphapsiliperispomeni-grek
353,0x1f0f,Alphadasiaperispomeni-grek
354,0x1f10,epsilonpsili-grek
355,0x1f11,epsilondasia-grek
356,0x1f12,epsilonpsilivaria-grek
357,0x1f13,epsilondasiavaria-grek
358,0x1f14,epsilonpsilioxia-grek
359,0x1f15,epsilondasiaoxia-grek
360,0x1f16,epsilon_perispomeni
361,0x1f18,Epsilonpsili-grek
362,0x1f19,Epsilondasia-grek
363,0x1f1a,Epsilonpsilivaria-grek
364,0x1f1b,Epsilondasiavaria-grek
365,0x1f1c,Epsilonpsilioxia-grek
366,0x1f1d,Epsilondasiaoxia-grek
367,0x1f20,etapsili-grek
368,0x1f21,etadasia-grek
369,0x1f22,etapsilivaria-grek
370,0x1f23,etadasiavaria-grek
371,0x1f24,etapsilioxia-grek
372,0x1f25,etadasiaoxia-grek
373,0x1f26,etapsiliperispomeni-grek
374,0x1f27,etadasiaperispomeni-grek
375,0x1f28,Etapsili-grek
376,0x1f29,Etadasia-grek
377,0x1f2a,Etapsilivaria-grek
378,0x1f2b,Etadasiavaria-grek
379,0x1f2c,Etapsilioxia-grek
380,0x1f2d,Etadasiaoxia-grek
381,0x1f2e,Etapsiliperispomeni-grek
382,0x1f2f,Etadasiaperispomeni-grek
383,0x1f30,iotapsili-grek
384,0x1f31,iotadasia-grek
385,0x1f32,iotapsilivaria-grek
386,0x1f33,iotadasiavaria-grek
387,0x1f34,iotapsilioxia-grek
388,0x1f35,iotadasiaoxia-grek
389,0x1f36,iotapsiliperispomeni-grek
390,0x1f37,iotadasiaperispomeni-grek
391,0x1f38,Iotapsili-grek
392,0x1f39,Iotadasia-grek
393,0x1f3a,Iotapsilivaria-grek
394,0x1f3b,Iotadasiavaria-grek
395,0x1f3c,Iotapsilioxia-grek
396,0x1f3d,Iotadasiaoxia-grek
397,0x1f3e,Iotapsiliperispomeni-grek
398,0x1f3f,Iotadasiaperispomeni-grek
399,0x1f40,omicronpsili-grek
400,0x1f41,omicrondasia-grek
401,0x1f42,omicronpsilivaria-grek
402,0x1f43,omicrondasiavaria-grek
403,0x1f44,omicronpsilioxia-grek
404,0x1f45,omicrondasiaoxia-grek
405,0x1f48,Omicronpsili-grek
406,0x1f49,Omicrondasia-grek
407,0x1f4a,Omicronpsilivaria-grek
408,0x1f4b,Omicrondasiavaria-grek
409,0x1f4c,Omicronpsilioxia-grek
410,0x1f4d,Omicrondasiaoxia-grek
411,0x1f50,upsilonpsili-grek
412,0x1f51,upsilondasia-grek
413,0x1f52,upsilonpsilivaria-grek
414,0x1f53,upsilondasiavaria-grek
415,0x1f54,upsilonpsilioxia-grek
416,0x1f55,upsilondasiaoxia-grek
417,0x1f56,upsilonpsiliperispomeni-grek
418,0x1f57,upsilondasiaperispomeni-grek
419,0x1f59,Upsilondasia-grek
420,0x1f5b,Upsilondasiavaria-grek
421,0x1f5d,Upsilondasiaoxia-grek
422,0x1f5f,Upsilondasiaperispomeni-grek
423,0x1f60,omegapsili-grek
424,0x1f61,omegadasia-grek
425,0x1f62,omegapsilivaria-grek
426,0x1f63,omegadasiavaria-grek
427,0x1f64,omegapsilioxia-grek
428,0x1f65,omegadasiaoxia-grek
429,0x1f66,omegapsiliperispomeni-grek
430,0x1f67,omegadasiaperispomeni-grek
431,0x1f68,Omegapsili-grek
432,0x1f69,Omegadasia-grek
433,0x1f6a,Omegapsilivaria-grek
434,0x1f6b,Omegadasiavaria-grek
435,0x1f6c,Omegapsilioxia-grek
436,0x1f6d,Omegadasiaoxia-grek
437,0x1f6e,Omegapsiliperispomeni-grek
438,0x1f6f,Omegadasiaperispomeni-grek
439,0x1f70,alphavaria-grek
440,0x1f71,alphaoxia-grek
441,0x1f72,epsilonvaria-grek
442,0x1f73,epsilonoxia-grek
443,0x1f74,etavaria-grek
444,0x1f75,etaoxia-grek
445,0x1f76,iotavaria-grek
446,0x1f77,iotaoxia-grek
447,0x1f78,omicronvaria-grek
448,0x1f79,omicronoxia-grek
449,0x1f7a,upsilonvaria-grek
450,0x1f7b,upsilonoxia-grek
451,0x1f7c,omegavaria-grek
452,0x1f7d,omegaoxia-grek
453,0x1f80,alphapsiliypogegrammeni-grek
454,0x1f81,alphadasiaypogegrammeni-grek
455,0x1f82,alphapsilivariaypogegrammeni-grek
456,0x1f83,alphadasiavariaypogegrammeni-grek
457,0x1f84,alphapsilioxiaypogegrammeni-grek
458,0x1f85,alphadasiaoxiaypogegrammeni-grek
459,0x1f86,alphapsiliperispomeniypogegrammeni-grek
460,0x1f87,alphadasiaperispomeniypogegrammeni-grek
461,0x1f88,Alphapsiliprosgegrammeni-grek
462,0x1f89,Alphadasiaprosgegrammeni-grek
463,0x1f8a,Alphapsilivariaprosgegrammeni-grek
464,0x1f8b,Alphadasiavariaprosgegrammeni-grek
465,0x1f8c,Alphapsilioxiaprosgegrammeni-grek
466,0x1f8d,Alphadasiaoxiaprosgegrammeni-grek
467,0x1f8e,Alphapsiliperispomeniprosgegrammeni-grek
468,0x1f8f,Alphadasiaperispomeniprosgegrammeni-grek
469,0x1f90,etapsiliypogegrammeni-grek
470,0x1f91,etadasiaypogegrammeni-grek
471,0x1f92,etapsilivariaypogegrammeni-grek
472,0x1f93,etadasiavariaypogegrammeni-grek
473,0x1f94,etapsilioxiaypogegrammeni-grek
474,0x1f95,etadasiaoxiaypogegrammeni-grek
475,0x1f96,etapsiliperispomeniypogegrammeni-grek
476,0x1f97,etadasiaperispomeniypogegrammeni-grek
477,0x1f98,Etapsiliprosgegrammeni-grek
478,0x1f99,Etadasiaprosgegrammeni-grek
479,0x1f9a,Etapsilivariaprosgegrammeni-grek
480,0x1f9b,Etadasiavariaprosgegrammeni-grek
481,0x1f9c,Etapsilioxiaprosgegrammeni-grek
482,0x1f9d,Etadasiaoxiaprosgegrammeni-grek
483,0x1f9e,Etapsiliperispomeniprosgegrammeni-grek
484,0x1f9f,Etadasiaperispomeniprosgegrammeni-grek
485,0x1fa0,omegapsiliypogegrammeni-grek
486,0x1fa1,omegadasiaypogegrammeni-grek
487,0x1fa2,omegapsilivariaypogegrammeni-grek
488,0x1fa3,omegadasiavariaypogegrammeni-grek
489,0x1fa4,omegapsilioxiaypogegrammeni-grek
490,0x1fa5,omegadasiaoxiaypogegrammeni-grek
491,0x1fa6,omegapsiliperispomeniypogegrammeni-grek
492,0x1fa7,omegadasiaperispomeniypogegrammeni-grek
493,0x1fa8,Omegapsiliprosgegrammeni-grek
494,0x1fa9,Omegadasiaprosgegrammeni-grek
495,0x1faa,Omegapsilivariaprosgegrammeni-grek
496,0x1fab,Omegadasiavariaprosgegrammeni-grek
497,0x1fac,Omegapsilioxiaprosgegrammeni-grek
498,0x1fad,Omegadasiaoxiaprosgegrammeni-grek
499,0x1fae,Omegapsiliperispomeniprosgegrammeni-grek
500,0x1faf,Omegadasiaperispomeniprosgegrammeni-grek
501,0x1fb0,alphavrachy-grek
502,0x1fb1,alphamacron-grek
503,0x1fb2,alphavariaypogegrammeni-grek
504,0x1fb3,alphaypogegrammeni-grek
505,0x1fb4,alphaoxiaypogegrammeni-grek
506,0x1fb6,alphaperispomeni-grek
507,0x1fb7,alphaperispomeniypogegrammeni-grek
508,0x1fb8,Alphavrachy-grek
509,0x1fb9,Alphamacron-grek
510,0x1fba,Alphavaria-grek
511,0x1fbb,Alphaoxia-grek
512,0x1fbc,Alphaprosgegrammeni-grek
513,0x1fbd,koronismod-grek
514,0x1fbe,prosgegrammeni-grek
515,0x1fbf,psilimod-grek
516,0x1fc0,perispomenimod-grek
517,0x1fc1,dialytikaperispomenimod-grek
518,0x1fc2,etavariaypogegrammeni-grek
519,0x1fc3,etaypogegrammeni-grek
520,0x1fc4,etaoxiaypogegrammeni-grek
521,0x1fc6,etaperispomeni-grek
522,0x1fc7,etaperispomeniypogegrammeni-grek
523,0x1fc8,Epsilonvaria-grek
524,0x1fc9,Epsilonoxia-grek
525,0x1fca,Etavaria-grek
526,0x1fcb,Etaoxia-grek
527,0x1fcc,Etaprosgegrammeni-grek
528,0x1fcd,psilivariamod-grek
529,0x1fce,psilioxiamod-grek
530,0x1fcf,psiliperispomenimod-grek
531,0x1fd0,iotavrachy-grek
532,0x1fd1,iotamacron-grek
533,0x1fd2,iotadialytikavaria-grek
534,0x1fd3,iotadialytikaoxia-grek
535,0x1fd6,iotaperispomeni-grek
536,0x1fd7,iotadialytikaperispomeni-grek
537,0x1fd8,Iotavrachy-grek
538,0x1fd9,Iotamacron-grek
539,0x1fda,Iotavaria-grek
540,0x1fdb,Iotaoxia-grek
541,0x1fdd,dasiavariamod-grek
542,0x1fde,dasiaoxiamod-grek
543,0x1fdf,dasiaperispomenimod-grek
544,0x1fe0,upsilonvrachy-grek
545,0x1fe1,upsilonmacron-grek
546,0x1fe2,upsilondialytikavaria-grek
547,0x1fe3,upsilondialytikaoxia-grek
548,0x1fe4,rhopsili-grek
549,0x1fe5,rhodasia-grek
550,0x1fe6,upsilonperispomeni-grek
551,0x1fe7,upsilondialytikaperispomeni-grek
552,0x1fe8,Upsilonvrachy-grek
553,0x1fe9,Upsilonmacron-grek
554,0x1fea,Upsilonvaria-grek
555,0x1feb,Upsilonoxia-grek
556,0x1fec,Rhodasia-grek
557,0x1fed,dialytikavariamod-grek
558,0x1fee,dialytikaoxiamod-grek
559,0x1fef,variamod-grek
560,0x1ff2,omegavariaypogegrammeni-grek
561,0x1ff3,omegaypogegrammeni-grek
562,0x1ff4,omegaoxiaypogegrammeni-grek
563,0x1ff6,omegaperispomeni-grek
564,0x1ff7,omegaperispomeniypogegrammeni-grek
565,0x1ff8,Omicronvaria-grek
566,0x1ff9,Omicronoxia-grek
567,0x1ffa,Omegavaria-grek
568,0x1ffb,Omegaoxia-grek
569,0x1ffc,Omegaprosgegrammeni-grek
570,0x1ffd,oxiamod-grek
571,0x1ffe,dasiamod-grek
572,0xe138,uniE138
573,0xe6af,alpha_apostrophe
574,0xe6b0,alpha_curly
575,0xe6b1,alpha_iota
576,0xe6b2,alpha_iota_psili
577,0xe6b3,alpha_iota_tonos
578,0xe6b4,alpha_iota_psili_oxia
579,0xe6b5,alpha_iota_perispomeni
580,0xe6b6,alpha_nu
581,0xe6b7,alpha_rho
582,0xe6b8,alpha_sigma_tau
583,0xe6b9,alpha_psili_sigma_tau
584,0xe6c0,beta_curly
585,0xe6d0,gamma_short
586,0xe6d1,gamma_tall
587,0xe6d2,gamma_alpha_varia_rho
588,0xe6d3,gamma_alpha_varia_rho_2
589,0xe6d4,gamma_alpha_varia_rho_3
590,0xe6d5,gamma_alpha_varia_rho_4
591,0xe6d6,gamma_alpha_varia_rho_5
592,0xe6d7,gamma_gamma
593,0xe6d8,gamma_epsilon_nu_oxia
594,0xe6d9,gamma_omicron
595,0xe6da,gamma_omicron_2
596,0xe6db,gamma_rho
597,0xe6dc,uniE6DC
598,0xe6df,delta_apostrophe
599,0xe6e0,delta_curly
600,0xe6e1,delta_epsilon
601,0xe6e2,delta_epsilon_varia
602,0xe6e3,delta_epsilon_varia_2
603,0xe6e4,delta_alpha_fin_sigma
604,0xe6f0,epsilon_psili_perispomeni
605,0xe6f1,epsilon_dasia_perispomeni
606,0xe6f2,epsilon_iota
607,0xe6f3,epsilon_iota_2
608,0xe6f4,epsilon_iota_perispomeni
609,0xe6f5,epsion_iota_2_perispomeni
610,0xe6f6,epsilon_iota_perispomeni_prosgegrammeni
611,0xe6f7,epsilon_psili_nu
612,0xe6f8,epsilon_psili_xi
613,0xe6f9,epsilon_rho
614,0xe6fa,epsilon_rho_2
615,0xe6fb,epsilon_stigma_iota
616,0xe6fc,epsilon_psili_stigma_iota
617,0xe6fd,epsilon_psili_stigma_iota_varia
618,0xe6fe,epsilon_upsilon
619,0xe6ff,epsilon_upsilon_2
620,0xe700,zeta_2
621,0xe701,zeta_3
622,0xe710,eta_2
623,0xe711,eta_2_perispomeni
624,0xe712,eta_nu
625,0xe713,eta_tonos_nu
626,0xe714,eta_varia_nu
627,0xe717,eta_varia_nu_2
628,0xe718,eta_perispomeni_nu
629,0xe71f,theta_apostrophe
630,0xe720,theta_symbol_apostrophe
631,0xe721,phi_apostrophe
632,0xe722,phi_iota
633,0xe723,phi_iota_tonos
634,0xe740,kappa_alpha_iota_2_varia
635,0xe741,kappa_alpha_iota_3_varia
636,0xe742,kappa_alpha_iota_4_varia
637,0xe743,kappa_alpha_iota_5_varia
638,0xe744,kappa_alpha_tau_alpha
639,0xe750,lambda_apostrophe
640,0xe751,lambda_lambda
641,0xe752,lambda_omicron_final_sigma
642,0xe753,lambda_iota_per_fin_sigma
643,0xe760,mu_epsilon_nu
644,0xe761,mu_epsilon_nu_2
645,0xe762,mu_epsilon_nu_3
646,0xe763,mu_epsilon_varia_nu
647,0xe764,mu_epsilon_varia_2_nu
648,0xe765,mu_epsilon_tonos_nu
649,0xe766,uniE766
650,0xe767,mu_alpha_fin_sigma
651,0xe768,mu_epsilon_iota_perispomeni_nu
652,0xe770,nu_final
653,0xe771,nu_omicrn_final_sigma
654,0xe772,nu_alpha_iota_final_sigma
655,0xe780,xi_2
656,0xe797,omicron_psili_perispomeni
657,0xe798,omicron_dasia_perispomeni
658,0xe799,omicron_perispomeni
659,0xe79a,omicron_upsilon
660,0xe79b,omicron_upsilon_tonos
661,0xe79c,omicron_upsilon_perispomeni
662,0xe79d,omicron_sigma
663,0xe7a0,Pi_2
664,0xe7a1,pi_apostrophe
665,0xe7a2,pisymbol_apostrophe
666,0xe7a3,pi_alpha_rho
667,0xe7a4,pi_epsilon_rho
668,0xe7a5,pi_omicron
669,0xe7a6,pi_omicron_varia
670,0xe7a7,pi_rho
671,0xe7a8,pi_tau
672,0xe7a9,pi_omicron_final_sigma
673,0xe7aa,pi_rho_omicron_final_sigma
674,0xe7ab,pi_epsilon_nu
675,0xe7ac,pi_epsilon_nu2
676,0xe7c0,sigma_2
677,0xe7c1,sigma_theta
678,0xe7c2,sigma_theta_alpha_iota
679,0xe7c3,sigma_pi
680,0xe7c4,sigma_sigma
681,0xe7c5,sigma_tau
682,0xe7c6,sigma_tau_rho
683,0xe7c7,sigma_chi
684,0xe7c8,sigma_epsilon_nu
685,0xe7c9,sigma_eta_ypog_fin_sigma
686,0xe7d0,tau_tall
687,0xe7d1,tau_tall_apostrophe
688,0xe7d2,tau_apostrophe
689,0xe7d3,tau_alpha_iota
690,0xe7d4,tau_alpha_iota_2
691,0xe7d5,tau_epsilon
692,0xe7d6,tau_eta_varia_nu
693,0xe7d7,tau_eta_varia2_nu
694,0xe7d8,tau_eta_perispomeni_sigma
695,0xe7d9,tau_eta_perispomeni_sigma_2
696,0xe7da,tau_iota
697,0xe7db,tau_omicron
698,0xe7dc,tau_omicron_2
699,0xe7dd,tau_omicron_varia
700,0xe7de,tau_omicron_varia_2
701,0xe7df,tau_omicron_varia_3
702,0xe7e0,tau_omicron_varia_4
703,0xe7e1,tau_omicron_varia_nu
704,0xe7e2,tau_tall_omicron_sigma
705,0xe7e3,tau_omicron_upsilon_perispomeni
706,0xe7e4,tau_omicron_upsilon_perispomeni_2
707,0xe7e5,tau_rho
708,0xe7e6,tau_rho_2
709,0xe7e7,tau_tall_tau
710,0xe7e8,tau_omega_perispomeni_prosgegrammeni
711,0xe7e9,tau_omega_perispomeni_nu
712,0xe7ea,tau_omega_perispomeni_nu_2
713,0xe7eb,tau_omicron_final_sigma
714,0xe7ec,tau_tall_omicron_final_sigma
715,0xe7ed,tau_rho_omicron_final_sigma
716,0xe7ee,tau_tall_iota_per_fin_sigma
717,0xe7ef,tau_iota_per_fin_sigma
718,0xe7f0,upsilon_dasia_iota
719,0xe7f1,upsilon_tonos
720,0xe7f2,upsilon_perispomeni
721,0xe7f3,tau_alpha_iota_fin_sig_per
722,0xe7f4,tau_epsilon_final_sigma
723,0xe7f5,tau_alpha_iota_fin_sig
724,0xe7f8,upsilon_nu
725,0xe7f9,upsilon_tonos_nu
726,0xe7fa,upsilon_varia_nu
727,0xe7fb,upsilon_perispomeni_nu
728,0xe7fc,upsilon_psili_perispomeni_nu
729,0xe810,chi_apostrophe
730,0xe811,chi_rho
731,0xe812,chi_epsilon_nu
732,0xe820,omega_perispomeni_sigma
733,0xe821,psi_eta_ypog_fin_sigma
734,0xe840,slant_1
735,0xe841,slant_2
736,0xe84e,uniE84E
737,0xe84f,uniE84F
738,0xe860,alpha_nu#1
739,0xe861,alpha_nu_2
740,0xe862,alpha_iota_perispomeni_sigma
741,0xe863,alpha_sigma_2
742,0xe864,alpha_nu_3
743,0xe865,epsilon_iota_sigma
744,0xe866,epsilon_nu
745,0xe867,epsilon_nu_2
746,0xe868,alpha_fin_sigma
747,0xe86a,iota_sigma
748,0xe86b,omicron_iota_perispomeni_sigma
749,0xe86c,omicron_sigma_2
750,0xe86d,omega_nu
751,0xe86e,omega_nu_2
752,0xe86f,omega_perispomeni_nu
753,0xe870,omicron_sigma_varia
754,0xe871,omicron_varia_sigma
755,0xe872,omicron_iota_peris_final_sigma
756,0xe873,eta_ypogegrammeni_fin_sigma
757,0x0,uni0000
758,0x8,.null
759,0x9,glyph2
760,0xd,glyph2
761,0x1d,uni0000
762,0x20,space
763,0x21,exclam
764,0x22,quotedbl
765,0x23,numbersign
766,0x24,dollar
767,0x25,percent
768,0x26,ampersand
769,0x27,quotesingle
770,0x28,parenleft
771,0x29,parenright
772,0x2a,asterisk
773,0x2b,plus
774,0x2c,comma
775,0x2d,hyphen
776,0x2e,period
777,0x2f,slash
778,0x30,zero
779,0x31,one
780,0x32,two
781,0x33,three
782,0x34,four
783,0x35,five
784,0x36,six
785,0x37,seven
786,0x38,eight
787,0x39,nine
788,0x3a,colon
789,0x3b,semicolon
790,0x3c,less
791,0x3d,equal
792,0x3e,greater
793,0x3f,question
794,0x40,at
795,0x41,A
796,0x42,B
797,0x43,C
798,0x44,D
799,0x45,E
800,0x46,F
801,0x47,G
802,0x48,H
803,0x49,I
804,0x4a,J
805,0x4b,K
806,0x4c,L
807,0x4d,M
808,0x4e,N
809,0x4f,O
810,0x50,P
811,0x51,Q
812,0x52,R
813,0x53,S
814,0x54,T
815,0x55,U
816,0x56,V
817,0x57,W
818,0x58,X
819,0x59,Y
820,0x5a,Z
821,0x5b,bracketleft
822,0x5c,backslash
823,0x5d,bracketright
824,0x5e,asciicircum
825,0x5f,underscore
826,0x60,grave
827,0x61,a
828,0x62,b
829,0x63,c
830,0x64,d
831,0x65,e
832,0x66,f
833,0x67,g
834,0x68,h
835,0x69,i
836,0x6a,j
837,0x6b,k
838,0x6c,l
839,0x6d,m
840,0x6e,n
841,0x6f,o
842,0x70,p
843,0x71,q
844,0x72,r
845,0x73,s
846,0x74,t
847,0x75,u
848,0x76,v
849,0x77,w
850,0x78,x
851,0x79,y
852,0x7a,z
853,0x7b,braceleft
854,0x7c,bar
855,0x7d,braceright
856,0x7e,asciitilde
857,0xa1,degree
858,0xa2,cent
859,0xa3,sterling
860,0xa4,section
861,0xa6,paragraph
862,0xa8,registered
863,0xa9,copyright
864,0xab,acute
865,0xac,dieresis
866,0xae,AE
867,0xb1,plusminus
868,0xb4,yen
869,0xb5,mu
870,0xb9,pi-grek
871,0xbb,ordfeminine
872,0xbc,ordmasculine
873,0xbd,Omega-grek
874,0xbe,ae
875,0xc0,questiondown
876,0xc1,exclamdown
877,0xc2,logicalnot
878,0xc7,guillemotleft
879,0xc8,guillemotright
880,0xca,uni00A0
881,0xe1,periodcentered
882,0xf5,idotless
883,0xf6,circumflexmod
884,0xf7,tildemod
885,0xf8,macron
886,0xf9,brevemod
887,0xfa,dotaccentmod
888,0xfb,ringmod
889,0xfc,cedilla
890,0x0,uni0000
891,0x1d,uni0000
892,0x20,space
893,0x21,exclam
894,0x22,quotedbl
895,0x23,numbersign
896,0x24,dollar
897,0x25,percent
898,0x26,ampersand
899,0x27,quotesingle
900,0x28,parenleft
901,0x29,parenright
902,0x2a,asterisk
903,0x2b,plus
904,0x2c,comma
905,0x2d,hyphen
906,0x2e,period
907,0x2f,slash
908,0x30,zero
909,0x31,one
910,0x32,two
911,0x33,three
912,0x34,four
913,0x35,five
914,0x36,six
915,0x37,seven
916,0x38,eight
917,0x39,nine
918,0x3a,colon
919,0x3b,semicolon
920,0x3c,less
921,0x3d,equal
922,0x3e,greater
923,0x3f,question
924,0x40,at
925,0x41,A
926,0x42,B
927,0x43,C
928,0x44,D
929,0x45,E
930,0x46,F
931,0x47,G
932,0x48,H
933,0x49,I
934,0x4a,J
935,0x4b,K
936,0x4c,L
937,0x4d,M
938,0x4e,N
939,0x4f,O
940,0x50,P
941,0x51,Q
942,0x52,R
943,0x53,S
944,0x54,T
945,0x55,U
946,0x56,V
947,0x57,W
948,0x58,X
949,0x59,Y
950,0x5a,Z
951,0x5b,bracketleft
952,0x5c,backslash
953,0x5d,bracketright
954,0x5e,asciicircum
955,0x5f,underscore
956,0x60,grave
957,0x61,a
958,0x62,b
959,0x63,c
960,0x64,d
961,0x65,e
962,0x66,f
963,0x67,g
964,0x68,h
965,0x69,i
966,0x6a,j
967,0x6b,k
968,0x6c,l
969,0x6d,m
970,0x6e,n
971,0x6f,o
972,0x70,p
973,0x71,q
974,0x72,r
975,0x73,s
976,0x74,t
977,0x75,u
978,0x76,v
979,0x77,w
980,0x78,x
981,0x79,y
982,0x7a,z
983,0x7b,braceleft
984,0x7c,bar
985,0x7d,braceright
986,0x7e,asciitilde
987,0xa0,uni00A0
988,0xa1,exclamdown
989,0xa2,cent
990,0xa3,sterling
991,0xa4,currency
992,0xa5,yen
993,0xa6,brokenbar
994,0xa7,section
995,0xa8,dieresis
996,0xa9,copyright
997,0xaa,ordfeminine
998,0xab,guillemotleft
999,0xac,logicalnot
1000,0xad,uni00AD
1001,0xae,registered
1002,0xaf,macron
1003,0xb0,degree
1004,0xb1,plusminus
1005,0xb2,uni00B2
1006,0xb3,uni00B3
1007,0xb4,acute
1008,0xb5,mu
1009,0xb6,paragraph
1010,0xb7,periodcentered
1011,0xb8,cedilla
1012,0xb9,uni00B9
1013,0xba,ordmasculine
1014,0xbb,guillemotright
1015,0xbc,onequarter
1016,0xbd,onehalf
1017,0xbe,threequarters
1018,0xbf,questiondown
1019,0xc6,AE
1020,0xe6,ae
1021,0x131,idotless
1022,0x17f,longs
1023,0x237,jdotless
1024,0x2b9,primemod
1025,0x2ba,doubleprimemod
1026,0x2bc,apostrophemod
1027,0x2be,righthalfringmod
1028,0x2bf,lefthalfringmod
1029,0x2c6,circumflexmod
1030,0x2ca,acutemod
1031,0x2cb,gravemod
1032,0x2d8,brevemod
1033,0x2d9,dotaccentmod
1034,0x2da,ringmod
1035,0x2dc,tildemod
1036,0x300,gravecomb
1037,0x301,acutecomb
1038,0x302,circumflexcomb
1039,0x303,tildecomb
1040,0x304,macroncomb
1041,0x305,overlinecomb
1042,0x306,brevecomb
1043,0x307,dotaccentcomb
1044,0x308,dieresiscomb
1045,0x30a,ringcomb
1046,0x30c,caroncomb
1047,0x313,commacomb
1048,0x314,reversedcommacomb
1049,0x323,dotbelowcomb
1050,0x32f,invertedbrevebelowcomb
1051,0x336,strokelongcomb
1052,0x340,gravetonemarkcomb
1053,0x341,acutetonemarkcomb
1054,0x342,greekperispomenicomb
1055,0x343,greekkoroniscomb
1056,0x344,greekdialytikatonoscomb
1057,0x345,greekypogegrammenicomb
1058,0x351,lefthalfringcomb
1059,0x357,righthalfringcomb
1060,0x359,asteriskbelowcomb
1061,0x374,greeknumeralsignmod
1062,0x375,lowernumeralsignmod-grek
1063,0x37a,ypogegrammenimod-grek
1064,0x37e,greekquestionmark
1065,0x384,tonosmod-grek
1066,0x385,greekdialytikatonosmod
1067,0x386,Alphatonos-grek
1068,0x388,Epsilontonos-grek
1069,0x389,Etatonos-grek
1070,0x38a,Iotatonos-grek
1071,0x38c,Omicrontonos-grek
1072,0x38e,Upsilontonos-grek
1073,0x38f,Omegatonos-grek
1074,0x390,iotadialytikatonos-grek
1075,0x391,Alpha-grek
1076,0x392,Beta-grek
1077,0x393,Gamma-grek
1078,0x394,Delta-grek
1079,0x395,Epsilon-grek
1080,0x396,Zeta-grek
1081,0x397,Eta-grek
1082,0x398,Theta-grek
1083,0x399,Iota-grek
1084,0x39a,Kappa-grek
1085,0x39b,Lamda-grek
1086,0x39c,Mu-grek
1087,0x39d,Nu-grek
1088,0x39e,Xi-grek
1089,0x39f,Omicron-grek
1090,0x3a0,Pi-grek
1091,0x3a1,Rho-grek
1092,0x3a3,Sigma-grek
1093,0x3a4,Tau-grek
1094,0x3a5,Upsilon-grek
1095,0x3a6,Phi-grek
1096,0x3a7,Chi-grek
1097,0x3a8,Psi-grek
1098,0x3a9,Omega-grek
1099,0x3aa,Iotadialytika-grek
1100,0x3ab,Upsilondialytika-grek
1101,0x3ac,alphatonos-grek
1102,0x3ad,epsilontonos-grek
1103,0x3ae,etatonos-grek
1104,0x3af,iotatonos-grek
1105,0x3b0,upsilondialytikatonos-grek
1106,0x3b1,alpha-grek
1107,0x3b2,beta-grek
1108,0x3b3,gamma-grek
1109,0x3b4,delta-grek
1110,0x3b5,epsilon-grek
1111,0x3b6,zeta-grek
1112,0x3b7,eta-grek
1113,0x3b8,theta-grek
1114,0x3b9,iota-grek
1115,0x3ba,kappa-grek
1116,0x3bb,lamda-grek
1117,0x3bc,mu-grek
1118,0x3bd,nu-grek
1119,0x3be,xi-grek
1120,0x3bf,omicron-grek
1121,0x3c0,pi-grek
1122,0x3c1,rho-grek
1123,0x3c2,finalsigma-grek
1124,0x3c3,sigma-grek
1125,0x3c4,tau-grek
1126,0x3c5,upsilon-grek
1127,0x3c6,phi-grek
1128,0x3c7,chi-grek
1129,0x3c8,psi-grek
1130,0x3c9,omega-grek
1131,0x3ca,iotadialytika-grek
1132,0x3cb,upsilondialytika-grek
1133,0x3cc,omicrontonos-grek
1134,0x3cd,upsilontonos-grek
1135,0x3ce,omegatonos-grek
1136,0x3d0,betasymbol-grek
1137,0x3d1,thetasymbol-grek
1138,0x3d5,phisymbol-grek
1139,0x3d6,pisymbol-grek
1140,0x3d7,kaisymbol-grek
1141,0x591,accentetnahtacomb-hebr
1142,0x592,accentsegolcomb-hebr
1143,0x593,accentshalsheletcomb-hebr
1144,0x594,accentzaqefqatancomb-hebr
1145,0x595,accentzaqefgadolcomb-hebr
1146,0x596,accenttipehacomb-hebr
1147,0x597,accentreviacomb-hebr
1148,0x598,accentzarqacomb-hebr
1149,0x599,accentpashtacomb-hebr
1150,0x59a,accentyetivcomb-hebr
1151,0x59b,accenttevircomb-hebr
1152,0x59c,accentgereshcomb-hebr
1153,0x59d,accentgereshmuqdamcomb-hebr
1154,0x59e,accentgershayimcomb-hebr
1155,0x59f,accentqarneyparacomb-hebr
1156,0x5a0,accenttelishagedolacomb-hebr
1157,0x5a1,accentpazercomb-hebr
1158,0x5a2,accentatnahhafukhcomb-hebr
1159,0x5a3,accentmunahcomb-hebr
1160,0x5a4,accentmahapakhcomb-hebr
1161,0x5a5,accentmerkhacomb-hebr
1162,0x5a6,accentmerkhakefulacomb-hebr
1163,0x5a7,accentdargacomb-hebr
1164,0x5a8,accentqadmacomb-hebr
1165,0x5a9,accenttelishaqetanacomb-hebr
1166,0x5aa,accentyerahbenyomocomb-hebr
1167,0x5ab,accentolecomb-hebr
1168,0x5ac,accentiluycomb-hebr
1169,0x5ad,accentdehicomb-hebr
1170,0x5ae,accentzinorcomb-hebr
1171,0x5af,markmasoracirclecomb-hebr
1172,0x5b0,shevacomb-hebr
1173,0x5b1,hatafsegolcomb-hebr
1174,0x5b2,hatafpatahcomb-hebr
1175,0x5b3,hatafqamatscomb-hebr
1176,0x5b4,hiriqcomb-hebr
1177,0x5b5,tserecomb-hebr
1178,0x5b6,segolcomb-hebr
1179,0x5b7,patahcomb-hebr
1180,0x5b8,qamatscomb-hebr
1181,0x5b9,holamcomb-hebr
1182,0x5ba,holamhaserforvavcomb-hebr
1183,0x5bb,qubutscomb-hebr
1184,0x5bc,dageshormapiqcomb-hebr
1185,0x5bd,metegcomb-hebr
1186,0x5be,maqaf-hebr
1187,0x5bf,rafecomb-hebr
1188,0x5c0,punctuationpaseq-hebr
1189,0x5c1,shindotcomb-hebr
1190,0x5c2,sindotcomb-hebr
1191,0x5c3,punctuationsofpasuq-hebr
1192,0x5c4,markupperdotcomb-hebr
1193,0x5c5,marklowerdotcomb-hebr
1194,0x5c6,punctuationnunhafukha-hebr
1195,0x5c7,qamatsqatancomb-hebr
1196,0x5d0,alef-hebr
1197,0x5d1,bet-hebr
1198,0x5d2,gimel-hebr
1199,0x5d3,dalet-hebr
1200,0x5d4,he-hebr
1201,0x5d5,vav-hebr
1202,0x5d6,zayin-hebr
1203,0x5d7,het-hebr
1204,0x5d8,tet-hebr
1205,0x5d9,yod-hebr
1206,0x5da,finalkaf-hebr
1207,0x5db,kaf-hebr
1208,0x5dc,lamed-hebr
1209,0x5dd,finalmem-hebr
1210,0x5de,mem-hebr
1211,0x5df,finalnun-hebr
1212,0x5e0,nun-hebr
1213,0x5e1,samekh-hebr
1214,0x5e2,ayin-hebr
1215,0x5e3,finalpe-hebr
1216,0x5e4,pe-hebr
1217,0x5e5,finaltsadi-hebr
1218,0x5e6,tsadi-hebr
1219,0x5e7,qof-hebr
1220,0x5e8,resh-hebr
1221,0x5e9,shin-hebr
1222,0x5ea,tav-hebr
1223,0x5f0,yiddishdoublevav-hebr
1224,0x5f1,yiddishvavyod-hebr
1225,0x5f2,yiddishdoubleyod-hebr
1226,0x5f3,punctuationgeresh-hebr
1227,0x5f4,punctuationgershayim-hebr
1228,0x1f00,alphapsili-grek
1229,0x1f01,alphadasia-grek
1230,0x1f02,alphapsilivaria-grek
1231,0x1f03,alphadasiavaria-grek
1232,0x1f04,alphapsilioxia-grek
1233,0x1f05,alphadasiaoxia-grek
1234,0x1f06,alphapsiliperispomeni-grek
1235,0x1f07,alphadasiaperispomeni-grek
1236,0x1f08,Alphapsili-grek
1237,0x1f09,Alphadasia-grek
1238,0x1f0a,Alphapsilivaria-grek
1239,0x1f0b,Alphadasiavaria-grek
1240,0x1f0c,Alphapsilioxia-grek
1241,0x1f0d,Alphadasiaoxia-grek
1242,0x1f0e,Alphapsiliperispomeni-grek
1243,0x1f0f,Alphadasiaperispomeni-grek
1244,0x1f10,epsilonpsili-grek
1245,0x1f11,epsilondasia-grek
1246,0x1f12,epsilonpsilivaria-grek
1247,0x1f13,epsilondasiavaria-grek
1248,0x1f14,epsilonpsilioxia-grek
1249,0x1f15,epsilondasiaoxia-grek
1250,0x1f16,epsilon_perispomeni
1251,0x1f18,Epsilonpsili-grek
1252,0x1f19,Epsilondasia-grek
1253,0x1f1a,Epsilonpsilivaria-grek
1254,0x1f1b,Epsilondasiavaria-grek
1255,0x1f1c,Epsilonpsilioxia-grek
1256,0x1f1d,Epsilondasiaoxia-grek
1257,0x1f20,etapsili-grek
1258,0x1f21,etadasia-grek
1259,0x1f22,etapsilivaria-grek
1260,0x1f23,etadasiavaria-grek
1261,0x1f24,etapsilioxia-grek
1262,0x1f25,etadasiaoxia-grek
1263,0x1f26,etapsiliperispomeni-grek
1264,0x1f27,etadasiaperispomeni-grek
1265,0x1f28,Etapsili-grek
1266,0x1f29,Etadasia-grek
1267,0x1f2a,Etapsilivaria-grek
1268,0x1f2b,Etadasiavaria-grek
1269,0x1f2c,Etapsilioxia-grek
1270,0x1f2d,Etadasiaoxia-grek
1271,0x1f2e,Etapsiliperispomeni-grek
1272,0x1f2f,Etadasiaperispomeni-grek
1273,0x1f30,iotapsili-grek
1274,0x1f31,iotadasia-grek
1275,0x1f32,iotapsilivaria-grek
1276,0x1f33,iotadasiavaria-grek
1277,0x1f34,iotapsilioxia-grek
1278,0x1f35,iotadasiaoxia-grek
1279,0x1f36,iotapsiliperispomeni-grek
1280,0x1f37,iotadasiaperispomeni-grek
1281,0x1f38,Iotapsili-grek
1282,0x1f39,Iotadasia-grek
1283,0x1f3a,Iotapsilivaria-grek
1284,0x1f3b,Iotadasiavaria-grek
1285,0x1f3c,Iotapsilioxia-grek
1286,0x1f3d,Iotadasiaoxia-grek
1287,0x1f3e,Iotapsiliperispomeni-grek
1288,0x1f3f,Iotadasiaperispomeni-grek
1289,0x1f40,omicronpsili-grek
1290,0x1f41,omicrondasia-grek
1291,0x1f42,omicronpsilivaria-grek
1292,0x1f43,omicrondasiavaria-grek
1293,0x1f44,omicronpsilioxia-grek
1294,0x1f45,omicrondasiaoxia-grek
1295,0x1f48,Omicronpsili-grek
1296,0x1f49,Omicrondasia-grek
1297,0x1f4a,Omicronpsilivaria-grek
1298,0x1f4b,Omicrondasiavaria-grek
1299,0x1f4c,Omicronpsilioxia-grek
1300,0x1f4d,Omicrondasiaoxia-grek
1301,0x1f50,upsilonpsili-grek
1302,0x1f51,upsilondasia-grek
1303,0x1f52,upsilonpsilivaria-grek
1304,0x1f53,upsilondasiavaria-grek
1305,0x1f54,upsilonpsilioxia-grek
1306,0x1f55,upsilondasiaoxia-grek
1307,0x1f56,upsilonpsiliperispomeni-grek
1308,0x1f57,upsilondasiaperispomeni-grek
1309,0x1f59,Upsilondasia-grek
1310,0x1f5b,Upsilondasiavaria-grek
1311,0x1f5d,Upsilondasiaoxia-grek
1312,0x1f5f,Upsilondasiaperispomeni-grek
1313,0x1f60,omegapsili-grek
1314,0x1f61,omegadasia-grek
1315,0x1f62,omegapsilivaria-grek
1316,0x1f63,omegadasiavaria-grek
1317,0x1f64,omegapsilioxia-grek
1318,0x1f65,omegadasiaoxia-grek
1319,0x1f66,omegapsiliperispomeni-grek
1320,0x1f67,omegadasiaperispomeni-grek
1321,0x1f68,Omegapsili-grek
1322,0x1f69,Omegadasia-grek
1323,0x1f6a,Omegapsilivaria-grek
1324,0x1f6b,Omegadasiavaria-grek
1325,0x1f6c,Omegapsilioxia-grek
1326,0x1f6d,Omegadasiaoxia-grek
1327,0x1f6e,Omegapsiliperispomeni-grek
1328,0x1f6f,Omegadasiaperispomeni-grek
1329,0x1f70,alphavaria-grek
1330,0x1f71,alphaoxia-grek
1331,0x1f72,epsilonvaria-grek
1332,0x1f73,epsilonoxia-grek
1333,0x1f74,etavaria-grek
1334,0x1f75,etaoxia-grek
1335,0x1f76,iotavaria-grek
1336,0x1f77,iotaoxia-grek
1337,0x1f78,omicronvaria-grek
1338,0x1f79,omicronoxia-grek
1339,0x1f7a,upsilonvaria-grek
1340,0x1f7b,upsilonoxia-grek
1341,0x1f7c,omegavaria-grek
1342,0x1f7d,omegaoxia-grek
1343,0x1f80,alphapsiliypogegrammeni-grek
1344,0x1f81,alphadasiaypogegrammeni-grek
1345,0x1f82,alphapsilivariaypogegrammeni-grek
1346,0x1f83,alphadasiavariaypogegrammeni-grek
1347,0x1f84,alphapsilioxiaypogegrammeni-grek
1348,0x1f85,alphadasiaoxiaypogegrammeni-grek
1349,0x1f86,alphapsiliperispomeniypogegrammeni-grek
1350,0x1f87,alphadasiaperispomeniypogegrammeni-grek
1351,0x1f88,Alphapsiliprosgegrammeni-grek
1352,0x1f89,Alphadasiaprosgegrammeni-grek
1353,0x1f8a,Alphapsilivariaprosgegrammeni-grek
1354,0x1f8b,Alphadasiavariaprosgegrammeni-grek
1355,0x1f8c,Alphapsilioxiaprosgegrammeni-grek
1356,0x1f8d,Alphadasiaoxiaprosgegrammeni-grek
1357,0x1f8e,Alphapsiliperispomeniprosgegrammeni-grek
1358,0x1f8f,Alphadasiaperispomeniprosgegrammeni-grek
1359,0x1f90,etapsiliypogegrammeni-grek
1360,0x1f91,etadasiaypogegrammeni-grek
1361,0x1f92,etapsilivariaypogegrammeni-grek
1362,0x1f93,etadasiavariaypogegrammeni-grek
1363,0x1f94,etapsilioxiaypogegrammeni-grek
1364,0x1f95,etadasiaoxiaypogegrammeni-grek
1365,0x1f96,etapsiliperispomeniypogegrammeni-grek
1366,0x1f97,etadasiaperispomeniypogegrammeni-grek
1367,0x1f98,Etapsiliprosgegrammeni-grek
1368,0x1f99,Etadasiaprosgegrammeni-grek
1369,0x1f9a,Etapsilivariaprosgegrammeni-grek
1370,0x1f9b,Etadasiavariaprosgegrammeni-grek
1371,0x1f9c,Etapsilioxiaprosgegrammeni-grek
1372,0x1f9d,Etadasiaoxiaprosgegrammeni-grek
1373,0x1f9e,Etapsiliperispomeniprosgegrammeni-grek
1374,0x1f9f,Etadasiaperispomeniprosgegrammeni-grek
1375,0x1fa0,omegapsiliypogegrammeni-grek
1376,0x1fa1,omegadasiaypogegrammeni-grek
1377,0x1fa2,omegapsilivariaypogegrammeni-grek
1378,0x1fa3,omegadasiavariaypogegrammeni-grek
1379,0x1fa4,omegapsilioxiaypogegrammeni-grek
1380,0x1fa5,omegadasiaoxiaypogegrammeni-grek
1381,0x1fa6,omegapsiliperispomeniypogegrammeni-grek
1382,0x1fa7,omegadasiaperispomeniypogegrammeni-grek
1383,0x1fa8,Omegapsiliprosgegrammeni-grek
1384,0x1fa9,Omegadasiaprosgegrammeni-grek
1385,0x1faa,Omegapsilivariaprosgegrammeni-grek
1386,0x1fab,Omegadasiavariaprosgegrammeni-grek
1387,0x1fac,Omegapsilioxiaprosgegrammeni-grek
1388,0x1fad,Omegadasiaoxiaprosgegrammeni-grek
1389,0x1fae,Omegapsiliperispomeniprosgegrammeni-grek
1390,0x1faf,Omegadasiaperispomeniprosgegrammeni-grek
1391,0x1fb0,alphavrachy-grek
1392,0x1fb1,alphamacron-grek
1393,0x1fb2,alphavariaypogegrammeni-grek
1394,0x1fb3,alphaypogegrammeni-grek
1395,0x1fb4,alphaoxiaypogegrammeni-grek
1396,0x1fb6,alphaperispomeni-grek
1397,0x1fb7,alphaperispomeniypogegrammeni-grek
1398,0x1fb8,Alphavrachy-grek
1399,0x1fb9,Alphamacron-grek
1400,0x1fba,Alphavaria-grek
1401,0x1fbb,Alphaoxia-grek
1402,0x1fbc,Alphaprosgegrammeni-grek
1403,0x1fbd,koronismod-grek
1404,0x1fbe,prosgegrammeni-grek
1405,0x1fbf,psilimod-grek
1406,0x1fc0,perispomenimod-grek
1407,0x1fc1,dialytikaperispomenimod-grek
1408,0x1fc2,etavariaypogegrammeni-grek
1409,0x1fc3,etaypogegrammeni-grek
1410,0x1fc4,etaoxiaypogegrammeni-grek
1411,0x1fc6,etaperispomeni-grek
1412,0x1fc7,etaperispomeniypogegrammeni-grek
1413,0x1fc8,Epsilonvaria-grek
1414,0x1fc9,Epsilonoxia-grek
1415,0x1fca,Etavaria-grek
1416,0x1fcb,Etaoxia-grek
1417,0x1fcc,Etaprosgegrammeni-grek
1418,0x1fcd,psilivariamod-grek
1419,0x1fce,psilioxiamod-grek
1420,0x1fcf,psiliperispomenimod-grek
1421,0x1fd0,iotavrachy-grek
1422,0x1fd1,iotamacron-grek
1423,0x1fd2,iotadialytikavaria-grek
1424,0x1fd3,iotadialytikaoxia-grek
1425,0x1fd6,iotaperispomeni-grek
1426,0x1fd7,iotadialytikaperispomeni-grek
1427,0x1fd8,Iotavrachy-grek
1428,0x1fd9,Iotamacron-grek
1429,0x1fda,Iotavaria-grek
1430,0x1fdb,Iotaoxia-grek
1431,0x1fdd,dasiavariamod-grek
1432,0x1fde,dasiaoxiamod-grek
1433,0x1fdf,dasiaperispomenimod-grek
1434,0x1fe0,upsilonvrachy-grek
1435,0x1fe1,upsilonmacron-grek
1436,0x1fe2,upsilondialytikavaria-grek
1437,0x1fe3,upsilondialytikaoxia-grek
1438,0x1fe4,rhopsili-grek
1439,0x1fe5,rhodasia-grek
1440,0x1fe6,upsilonperispomeni-grek
1441,0x1fe7,upsilondialytikaperispomeni-grek
1442,0x1fe8,Upsilonvrachy-grek
1443,0x1fe9,Upsilonmacron-grek
1444,0x1fea,Upsilonvaria-grek
1445,0x1feb,Upsilonoxia-grek
1446,0x1fec,Rhodasia-grek
1447,0x1fed,dialytikavariamod-grek
1448,0x1fee,dialytikaoxiamod-grek
1449,0x1fef,variamod-grek
1450,0x1ff2,omegavariaypogegrammeni-grek
1451,0x1ff3,omegaypogegrammeni-grek
1452,0x1ff4,omegaoxiaypogegrammeni-grek
1453,0x1ff6,omegaperispomeni-grek
1454,0x1ff7,omegaperispomeniypogegrammeni-grek
1455,0x1ff8,Omicronvaria-grek
1456,0x1ff9,Omicronoxia-grek
1457,0x1ffa,Omegavaria-grek
1458,0x1ffb,Omegaoxia-grek
1459,0x1ffc,Omegaprosgegrammeni-grek
1460,0x1ffd,oxiamod-grek
1461,0x1ffe,dasiamod-grek
1462,0xe138,uniE138
1463,0xe6af,alpha_apostrophe
1464,0xe6b0,alpha_curly
1465,0xe6b1,alpha_iota
1466,0xe6b2,alpha_iota_psili
1467,0xe6b3,alpha_iota_tonos
1468,0xe6b4,alpha_iota_psili_oxia
1469,0xe6b5,alpha_iota_perispomeni
1470,0xe6b6,alpha_nu
1471,0xe6b7,alpha_rho
1472,0xe6b8,alpha_sigma_tau
1473,0xe6b9,alpha_psili_sigma_tau
1474,0xe6c0,beta_curly
1475,0xe6d0,gamma_short
1476,0xe6d1,gamma_tall
1477,0xe6d2,gamma_alpha_varia_rho
1478,0xe6d3,gamma_alpha_varia_rho_2
1479,0xe6d4,gamma_alpha_varia_rho_3
1480,0xe6d5,gamma_alpha_varia_rho_4
1481,0xe6d6,gamma_alpha_varia_rho_5
1482,0xe6d7,gamma_gamma
1483,0xe6d8,gamma_epsilon_nu_oxia
1484,0xe6d9,gamma_omicron
1485,0xe6da,gamma_omicron_2
1486,0xe6db,gamma_rho
1487,0xe6dc,uniE6DC
1488,0xe6df,delta_apostrophe
1489,0xe6e0,delta_curly
1490,0xe6e1,delta_epsilon
1491,0xe6e2,delta_epsilon_varia
1492,0xe6e3,delta_epsilon_varia_2
1493,0xe6e4,delta_alpha_fin_sigma
1494,0xe6f0,epsilon_psili_perispomeni
1495,0xe6f1,epsilon_dasia_perispomeni
1496,0xe6f2,epsilon_iota
1497,0xe6f3,epsilon_iota_2
1498,0xe6f4,epsilon_iota_perispomeni
1499,0xe6f5,epsion_iota_2_perispomeni
1500,0xe6f6,epsilon_iota_perispomeni_prosgegrammeni
1501,0xe6f7,epsilon_psili_nu
1502,0xe6f8,epsilon_psili_xi
1503,0xe6f9,epsilon_rho
1504,0xe6fa,epsilon_rho_2
1505,0xe6fb,epsilon_stigma_iota
1506,0xe6fc,epsilon_psili_stigma_iota
1507,0xe6fd,epsilon_psili_stigma_iota_varia
1508,0xe6fe,epsilon_upsilon
1509,0xe6ff,epsilon_upsilon_2
1510,0xe700,zeta_2
1511,0xe701,zeta_3
1512,0xe710,eta_2
1513,0xe711,eta_2_perispomeni
1514,0xe712,eta_nu
1515,0xe713,eta_tonos_nu
1516,0xe714,eta_varia_nu
1517,0xe717,eta_varia_nu_2
1518,0xe718,eta_perispomeni_nu
1519,0xe71f,theta_apostrophe
1520,0xe720,theta_symbol_apostrophe
1521,0xe721,phi_apostrophe
1522,0xe722,phi_iota
1523,0xe723,phi_iota_tonos
1524,0xe740,kappa_alpha_iota_2_varia
1525,0xe741,kappa_alpha_iota_3_varia
1526,0xe742,kappa_alpha_iota_4_varia
1527,0xe743,kappa_alpha_iota_5_varia
1528,0xe744,kappa_alpha_tau_alpha
1529,0xe750,lambda_apostrophe
1530,0xe751,lambda_lambda
1531,0xe752,lambda_omicron_final_sigma
1532,0xe753,lambda_iota_per_fin_sigma
1533,0xe760,mu_epsilon_nu
1534,0xe761,mu_epsilon_nu_2
1535,0xe762,mu_epsilon_nu_3
1536,0xe763,mu_epsilon_varia_nu
1537,0xe764,mu_epsilon_varia_2_nu
1538,0xe765,mu_epsilon_tonos_nu
1539,0xe766,uniE766
1540,0xe767,mu_alpha_fin_sigma
1541,0xe768,mu_epsilon_iota_perispomeni_nu
1542,0xe770,nu_final
1543,0xe771,nu_omicrn_final_sigma
1544,0xe772,nu_alpha_iota_final_sigma
1545,0xe780,xi_2
1546,0xe797,omicron_psili_perispomeni
1547,0xe798,omicron_dasia_perispomeni
1548,0xe799,omicron_perispomeni
1549,0xe79a,omicron_upsilon
1550,0xe79b,omicron_upsilon_tonos
1551,0xe79c,omicron_upsilon_perispomeni
1552,0xe79d,omicron_sigma
1553,0xe7a0,Pi_2
1554,0xe7a1,pi_apostrophe
1555,0xe7a2,pisymbol_apostrophe
1556,0xe7a3,pi_alpha_rho
1557,0xe7a4,pi_epsilon_rho
1558,0xe7a5,pi_omicron
1559,0xe7a6,pi_omicron_varia
1560,0xe7a7,pi_rho
1561,0xe7a8,pi_tau
1562,0xe7a9,pi_omicron_final_sigma
1563,0xe7aa,pi_rho_omicron_final_sigma
1564,0xe7ab,pi_epsilon_nu
1565,0xe7ac,pi_epsilon_nu2
1566,0xe7c0,sigma_2
1567,0xe7c1,sigma_theta
1568,0xe7c2,sigma_theta_alpha_iota
1569,0xe7c3,sigma_pi
1570,0xe7c4,sigma_sigma
1571,0xe7c5,sigma_tau
1572,0xe7c6,sigma_tau_rho
1573,0xe7c7,sigma_chi
1574,0xe7c8,sigma_epsilon_nu
1575,0xe7c9,sigma_eta_ypog_fin_sigma
1576,0xe7d0,tau_tall
1577,0xe7d1,tau_tall_apostrophe
1578,0xe7d2,tau_apostrophe
1579,0xe7d3,tau_alpha_iota
1580,0xe7d4,tau_alpha_iota_2
1581,0xe7d5,tau_epsilon
1582,0xe7d6,tau_eta_varia_nu
1583,0xe7d7,tau_eta_varia2_nu
1584,0xe7d8,tau_eta_perispomeni_sigma
1585,0xe7d9,tau_eta_perispomeni_sigma_2
1586,0xe7da,tau_iota
1587,0xe7db,tau_omicron
1588,0xe7dc,tau_omicron_2
1589,0xe7dd,tau_omicron_varia
1590,0xe7de,tau_omicron_varia_2
1591,0xe7df,tau_omicron_varia_3
1592,0xe7e0,tau_omicron_varia_4
1593,0xe7e1,tau_omicron_varia_nu
1594,0xe7e2,tau_tall_omicron_sigma
1595,0xe7e3,tau_omicron_upsilon_perispomeni
1596,0xe7e4,tau_omicron_upsilon_perispomeni_2
1597,0xe7e5,tau_rho
1598,0xe7e6,tau_rho_2
1599,0xe7e7,tau_tall_tau
1600,0xe7e8,tau_omega_perispomeni_prosgegrammeni
1601,0xe7e9,tau_omega_perispomeni_nu
1602,0xe7ea,tau_omega_perispomeni_nu_2
1603,0xe7eb,tau_omicron_final_sigma
1604,0xe7ec,tau_tall_omicron_final_sigma
1605,0xe7ed,tau_rho_omicron_final_sigma
1606,0xe7ee,tau_tall_iota_per_fin_sigma
1607,0xe7ef,tau_iota_per_fin_sigma
1608,0xe7f0,upsilon_dasia_iota
1609,0xe7f1,upsilon_tonos
1610,0xe7f2,upsilon_perispomeni
1611,0xe7f3,tau_alpha_iota_fin_sig_per
1612,0xe7f4,tau_epsilon_final_sigma
1613,0xe7f5,tau_alpha_iota_fin_sig
1614,0xe7f8,upsilon_nu
1615,0xe7f9,upsilon_tonos_nu
1616,0xe7fa,upsilon_varia_nu
1617,0xe7fb,upsilon_perispomeni_nu
1618,0xe7fc,upsilon_psili_perispomeni_nu
1619,0xe810,chi_apostrophe
1620,0xe811,chi_rho
1621,0xe812,chi_epsilon_nu
1622,0xe820,omega_perispomeni_sigma
1623,0xe821,psi_eta_ypog_fin_sigma
1624,0xe840,slant_1
1625,0xe841,slant_2
1626,0xe84e,uniE84E
1627,0xe84f,uniE84F
1628,0xe860,alpha_nu#1
1629,0xe861,alpha_nu_2
1630,0xe862,alpha_iota_perispomeni_sigma
1631,0xe863,alpha_sigma_2
1632,0xe864,alpha_nu_3
1633,0xe865,epsilon_iota_sigma
1634,0xe866,epsilon_nu
1635,0xe867,epsilon_nu_2
1636,0xe868,alpha_fin_sigma
1637,0xe86a,iota_sigma
1638,0xe86b,omicron_iota_perispomeni_sigma
1639,0xe86c,omicron_sigma_2
1640,0xe86d,omega_nu
1641,0xe86e,omega_nu_2
1642,0xe86f,omega_perispomeni_nu
1643,0xe870,omicron_sigma_varia
1644,0xe871,omicron_varia_sigma
1645,0xe872,omicron_iota_peris_final_sigma
1646,0xe873,eta_ypogegrammeni_fin_sigma
