,name,xMin,yMin,xMax,yMax
0,.notdef,26,15,956,1395
1,A,0,0,1298,1352
2,AE,0,0,1574,1350
3,Alpha-grek,0,0,1298,1352
4,Alphadasia-grek,0,0,1574,1640
5,Alphadasiaoxia-grek,0,0,1914,1634
6,Alphadasiaoxiaprosgegrammeni-grek,0,-413,1914,1634
7,Alphadasiaperispomeni-grek,0,0,1718,2224
8,Alphadasiaperispomeniprosgegrammeni-grek,0,-404,1718,2224
9,Alphadasiaprosgegrammeni-grek,0,-407,1574,1640
10,Alphadasiavaria-grek,0,0,2089,1642
11,Alphadasiavariaprosgegrammeni-grek,0,-406,2089,1642
12,Alphamacron-grek,0,0,1298,1710
13,Alphaoxia-grek,0,0,1298,1641
14,Alphaprosgegrammeni-grek,0,-416,1298,1352
15,Alphapsili-grek,0,0,1454,1637
16,Alphapsilioxia-grek,0,0,1818,1639
17,Alphapsilioxiaprosgegrammeni-grek,0,-408,1818,1639
18,Alphapsiliperispomeni-grek,0,0,1642,2212
19,Alphapsiliperispomeniprosgegrammeni-grek,0,-404,1642,2212
20,Alphapsiliprosgegrammeni-grek,0,-411,1454,1637
21,Alphapsilivaria-grek,0,0,2034,1639
22,Alphapsilivariaprosgegrammeni-grek,0,-401,2034,1639
23,Alphatonos-grek,0,0,1298,1637
24,Alphavaria-grek,0,0,1466,1638
25,Alphavrachy-grek,0,0,1298,1912
26,B,0,-2,915,1352
27,Beta-grek,0,-2,915,1352
28,C,0,-14,1165,1382
29,Chi-grek,0,0,1669,1353
30,D,0,2,1289,1355
31,Delta-grek,0,0,1325,1352
32,E,0,2,994,1352
33,Epsilon-grek,0,2,994,1352
34,Epsilondasia-grek,0,2,1582,1640
35,Epsilondasiaoxia-grek,0,2,2055,1638
36,Epsilondasiavaria-grek,0,2,2090,1642
37,Epsilonoxia-grek,0,2,1434,1642
38,Epsilonpsili-grek,0,2,1590,1639
39,Epsilonpsilioxia-grek,0,2,1972,1639
40,Epsilonpsilivaria-grek,0,2,2061,1642
41,Epsilontonos-grek,0,2,1453,1637
42,Epsilonvaria-grek,0,2,1518,1638
43,Eta-grek,0,0,1331,1346
44,Etadasia-grek,0,0,1919,1639
45,Etadasiaoxia-grek,0,0,2455,1639
46,Etadasiaoxiaprosgegrammeni-grek,0,-406,2455,1639
47,Etadasiaperispomeni-grek,0,0,2096,2224
48,Etadasiaperispomeniprosgegrammeni-grek,0,-404,2096,2224
49,Etadasiaprosgegrammeni-grek,0,-405,1919,1639
50,Etadasiavaria-grek,0,0,2465,1639
51,Etadasiavariaprosgegrammeni-grek,0,-408,2465,1639
52,Etaoxia-grek,0,0,1859,1638
53,Etaprosgegrammeni-grek,0,-402,1331,1346
54,Etapsili-grek,0,0,1951,1638
55,Etapsilioxia-grek,0,0,2376,1638
56,Etapsilioxiaprosgegrammeni-grek,0,-406,2376,1638
57,Etapsiliperispomeni-grek,0,0,2136,2210
58,Etapsiliperispomeniprosgegrammeni-grek,0,-410,2136,2210
59,Etapsiliprosgegrammeni-grek,0,-406,1951,1638
60,Etapsilivaria-grek,0,0,2411,1638
61,Etapsilivariaprosgegrammeni-grek,0,-408,2411,1638
62,Etatonos-grek,0,0,1870,1639
63,Etavaria-grek,0,0,1855,1638
64,F,0,0,929,1352
65,G,0,0,1138,1352
66,Gamma-grek,0,0,929,1301
67,H,0,0,1331,1346
68,I,0,10,516,1352
69,Iota-grek,0,10,516,1352
70,Iotadasia-grek,0,10,1108,1638
71,Iotadasiaoxia-grek,0,10,1644,1642
72,Iotadasiaperispomeni-grek,0,10,1276,2225
73,Iotadasiavaria-grek,0,10,1656,1642
74,Iotadialytika-grek,15,-8,683,1749
75,Iotamacron-grek,-148,10,657,1710
76,Iotaoxia-grek,0,10,1048,1638
77,Iotapsili-grek,0,10,1124,1638
78,Iotapsilioxia-grek,0,10,1560,1639
79,Iotapsiliperispomeni-grek,0,10,1331,2216
80,Iotapsilivaria-grek,0,10,1596,1639
81,Iotatonos-grek,0,10,1035,1638
82,Iotavaria-grek,0,10,1040,1642
83,Iotavrachy-grek,-198,10,706,1912
84,J,0,-27,786,1352
85,K,0,0,1444,1368
86,Kappa-grek,0,0,1444,1368
87,L,0,-8,1204,1352
88,Lamda-grek,0,0,1298,1352
89,M,0,0,1656,1352
90,Mu-grek,0,0,1656,1352
91,N,0,0,1392,1352
92,Nu-grek,0,0,1392,1352
93,O,0,-23,1405,1384
94,Omega-grek,0,0,1727,1355
95,Omegadasia-grek,0,0,2017,1639
96,Omegadasiaoxia-grek,0,0,2363,1639
97,Omegadasiaoxiaprosgegrammeni-grek,0,-405,2363,1639
98,Omegadasiaperispomeni-grek,0,0,2202,2224
99,Omegadasiaperispomeniprosgegrammeni-grek,0,-395,2202,2224
100,Omegadasiaprosgegrammeni-grek,0,-401,2017,1639
101,Omegadasiavaria-grek,0,0,2561,1637
102,Omegadasiavariaprosgegrammeni-grek,0,-408,2561,1637
103,Omegaoxia-grek,0,0,1727,1641
104,Omegaprosgegrammeni-grek,0,-410,1727,1355
105,Omegapsili-grek,0,0,1903,1639
106,Omegapsilioxia-grek,0,0,2262,1638
107,Omegapsilioxiaprosgegrammeni-grek,0,-408,2262,1638
108,Omegapsiliperispomeni-grek,0,0,2092,2211
109,Omegapsiliperispomeniprosgegrammeni-grek,0,-410,2092,2211
110,Omegapsiliprosgegrammeni-grek,0,-405,1903,1639
111,Omegapsilivaria-grek,0,0,2513,1636
112,Omegapsilivariaprosgegrammeni-grek,0,-403,2513,1636
113,Omegatonos-grek,0,0,1784,1638
114,Omegavaria-grek,0,0,1943,1635
115,Omicron-grek,0,-23,1405,1384
116,Omicrondasia-grek,0,-23,1993,1638
117,Omicrondasiaoxia-grek,0,-23,2285,1638
118,Omicrondasiavaria-grek,0,-23,2491,1640
119,Omicronoxia-grek,0,-23,1649,1642
120,Omicronpsili-grek,0,-23,1833,1638
121,Omicronpsilioxia-grek,0,-23,2185,1641
122,Omicronpsilivaria-grek,0,-23,2475,1638
123,Omicrontonos-grek,0,-23,1714,1637
124,Omicronvaria-grek,0,-23,1893,1638
125,P,0,0,985,1368
126,Phi-grek,0,0,1378,1354
127,Pi-grek,0,-1,1319,1350
128,Pi_2,0,-1,1216,1351
129,Psi-grek,0,0,1255,1352
130,Q,0,-268,1581,1384
131,R,-1,0,1315,1362
132,Rho-grek,0,0,985,1368
133,Rhodasia-grek,0,0,1573,1646
134,S,0,4,899,1375
135,Sigma-grek,0,0,1130,1352
136,T,0,1,1489,1352
137,Tau-grek,0,1,1335,1352
138,Theta-grek,0,-5,1405,1402
139,U,0,-23,1214,1352
140,Upsilon-grek,0,1,1027,1352
141,Upsilondasia-grek,0,1,1615,1642
142,Upsilondasiaoxia-grek,0,1,2102,1638
143,Upsilondasiaperispomeni-grek,0,1,1742,2226
144,Upsilondasiavaria-grek,0,1,2162,1642
145,Upsilondialytika-grek,0,1,1027,1737
146,Upsilonmacron-grek,0,1,1027,1710
147,Upsilonoxia-grek,0,1,1459,1642
148,Upsilontonos-grek,0,1,1555,1638
149,Upsilonvaria-grek,0,1,1551,1638
150,Upsilonvrachy-grek,0,1,1027,1927
151,V,0,0,1366,1352
152,W,0,0,1964,1352
153,X,0,0,1669,1353
154,Xi-grek,0,0,1082,1347
155,Y,0,2,1147,1352
156,Z,0,0,1480,1352
157,Zeta-grek,0,0,1258,1352
158,a,0,0,817,938
159,accentatnahhafukhcomb-hebr,-179,-595,180,-167
160,accentdargacomb-hebr,-122,-592,122,-163
161,accentdehicomb-hebr,375,-587,595,-169
162,accentetnahtacomb-hebr,-180,-592,179,-164
163,accentgereshcomb-hebr,-52,1222,168,1640
164,accentgereshmuqdamcomb-hebr,280,1222,500,1640
165,accentgershayimcomb-hebr,-165,1222,285,1640
166,accentiluycomb-hebr,-152,1203,152,1601
167,accentmahapakhcomb-hebr,-167,-587,158,-171
168,accentmerkhacomb-hebr,-168,-587,52,-169
169,accentmerkhakefulacomb-hebr,-285,-587,165,-169
170,accentmunahcomb-hebr,-147,-572,147,-174
171,accentolecomb-hebr,-110,1223,215,1639
172,accentpashtacomb-hebr,-500,1222,-280,1640
173,accentpazercomb-hebr,-85,1227,211,1635
174,accentqadmacomb-hebr,-168,1222,52,1640
175,accentqarneyparacomb-hebr,-456,1199,456,1696
176,accentreviacomb-hebr,-121,1213,122,1501
177,accentsegolcomb-hebr,-221,1222,221,1630
178,accentshalsheletcomb-hebr,-133,1207,134,1656
179,accenttelishagedolacomb-hebr,190,1178,595,1696
180,accenttelishaqetanacomb-hebr,-595,1178,-190,1696
181,accenttevircomb-hebr,-179,-587,150,-169
182,accenttipehacomb-hebr,-52,-587,168,-169
183,accentyerahbenyomocomb-hebr,-179,-595,180,-167
184,accentyetivcomb-hebr,325,-587,650,-171
185,accentzaqefgadolcomb-hebr,-144,1222,185,1640
186,accentzaqefqatancomb-hebr,-82,1222,82,1640
187,accentzarqacomb-hebr,-265,1243,265,1531
188,accentzinorcomb-hebr,-745,1243,-215,1531
189,acute,0,1328,292,1709
190,acutecomb,-736,1160,-212,1842
191,acutemod,-720,1164,-196,1846
192,acutetonemarkcomb,-793,1168,-269,1850
193,ae,0,-29,1266,950
194,alef-hebr,0,-43,996,1337
195,alpha-grek,0,-7,1080,983
196,alpha_apostrophe,0,-7,1143,1701
197,alpha_curly,1,-172,1578,1003
198,alpha_fin_sigma,59,952,1434,1552
199,alpha_iota,0,-16,1549,977
200,alpha_iota_perispomeni,0,-16,1549,1602
201,alpha_iota_perispomeni_sigma,60,753,904,1621
202,alpha_iota_psili,0,-16,1549,1903
203,alpha_iota_psili_oxia,0,-16,1549,1947
204,alpha_iota_tonos,0,-16,1549,1821
205,alpha_nu,3,-62,1878,1060
206,alpha_nu#1,-288,1056,923,1622
207,alpha_nu_2,2,901,1123,1633
208,alpha_nu_3,15,912,1492,1642
209,alpha_psili_sigma_tau,0,-6,1844,1912
210,alpha_rho,0,0,1049,1769
211,alpha_sigma_2,-2,1154,991,1621
212,alpha_sigma_tau,0,-6,1844,1048
213,alphadasia-grek,0,-7,1080,1825
214,alphadasiaoxia-grek,0,-7,1139,1865
215,alphadasiaoxiaypogegrammeni-grek,0,-402,1139,1865
216,alphadasiaperispomeni-grek,0,-7,1080,2216
217,alphadasiaperispomeniypogegrammeni-grek,0,-411,1080,2215
218,alphadasiavaria-grek,0,-7,1142,1792
219,alphadasiavariaypogegrammeni-grek,0,-407,1142,1792
220,alphadasiaypogegrammeni-grek,0,-407,1080,1825
221,alphamacron-grek,0,-7,1080,1335
222,alphaoxia-grek,0,-7,1080,1783
223,alphaoxiaypogegrammeni-grek,0,-412,1080,1783
224,alphaperispomeni-grek,0,-7,1080,1534
225,alphaperispomeniypogegrammeni-grek,0,-407,1080,1534
226,alphapsili-grek,-2,-7,1080,1826
227,alphapsilioxia-grek,0,-7,1132,1814
228,alphapsilioxiaypogegrammeni-grek,0,-402,1132,1814
229,alphapsiliperispomeni-grek,0,-7,1080,2185
230,alphapsiliperispomeniypogegrammeni-grek,0,-411,1080,2185
231,alphapsilivaria-grek,0,-7,1176,1810
232,alphapsilivariaypogegrammeni-grek,0,-412,1176,1810
233,alphapsiliypogegrammeni-grek,-2,-412,1080,1826
234,alphatonos-grek,0,-7,1080,1792
235,alphavaria-grek,0,-7,1080,1771
236,alphavariaypogegrammeni-grek,0,-402,1080,1771
237,alphavrachy-grek,0,-7,1080,1543
238,alphaypogegrammeni-grek,0,-412,1080,983
239,ampersand,0,0,1388,1354
240,apostrophemod,59,1317,369,1852
241,asciicircum,0,1265,781,1773
242,asciitilde,0,1328,814,1673
243,asterisk,0,441,480,973
244,asteriskbelowcomb,-1,-578,479,-46
245,at,0,149,908,1113
246,ayin-hebr,0,-143,1113,1335
247,b,-25,-35,934,1421
248,backslash,0,-127,351,1317
249,bar,0,-273,115,1328
250,bet-hebr,-5,0,1081,1223
251,beta-grek,0,-121,1105,1369
252,beta_curly,0,-12,788,1355
253,betasymbol-grek,0,-12,788,1355
254,braceleft,0,-140,538,1328
255,braceright,0,-140,538,1328
256,bracketleft,0,-139,352,1327
257,bracketright,0,-139,352,1327
258,brevecomb,-1092,1054,-188,1492
259,brevemod,-1062,1055,-158,1493
260,brokenbar,0,160,80,1227
261,c,0,-31,776,950
262,caroncomb,-981,1098,-180,1590
263,cedilla,0,-260,212,-3
264,cent,0,202,437,1121
265,chi-grek,0,-337,1254,1056
266,chi_apostrophe,0,-337,1254,1639
267,chi_epsilon_nu,0,-337,1401,1734
268,chi_rho,0,-473,1318,905
269,circumflexcomb,-942,1098,-141,1590
270,circumflexmod,-906,1098,-105,1590
271,colon,0,-130,270,561
272,comma,0,-281,316,201
273,commacomb,-935,1032,-348,1736
274,copyright,0,106,872,954
275,currency,-3,276,640,985
276,d,0,-98,958,1436
277,dageshormapiqcomb-hebr,-82,437,82,601
278,dalet-hebr,0,35,940,1270
279,dasiamod-grek,-230,1047,357,1751
280,dasiaoxiamod-grek,-479,1081,647,1791
281,dasiaperispomenimod-grek,-470,1047,472,2334
282,dasiavariamod-grek,-479,1051,656,1755
283,degree,0,1328,384,1718
284,delta-grek,0,-11,1125,1633
285,delta_alpha_fin_sigma,0,-11,2312,2028
286,delta_apostrophe,0,-11,1504,1701
287,delta_curly,0,-3,1193,1258
288,delta_epsilon,0,13,1404,1585
289,delta_epsilon_varia,0,13,1415,1585
290,delta_epsilon_varia_2,0,-382,864,2077
291,dialytikaoxiamod-grek,0,995,695,1977
292,dialytikaperispomenimod-grek,0,1143,942,1957
293,dialytikavariamod-grek,0,1137,645,2130
294,dieresis,0,1328,645,1598
295,dieresiscomb,-722,992,-54,1255
296,dollar,0,135,471,1155
297,dotaccentcomb,-439,991,-169,1254
298,dotaccentmod,-436,990,-166,1253
299,dotbelowcomb,-331,-412,-61,-150
300,doubleprimemod,216,1174,1139,1858
301,e,0,-14,806,940
302,eight,0,17,687,1233
303,epsilon-grek,0,-7,635,918
304,epsilon_dasia_perispomeni,-117,-7,825,2143
305,epsilon_iota,0,-28,902,954
306,epsilon_iota_2,0,-177,629,1785
307,epsilon_iota_perispomeni,0,-28,961,1631
308,epsilon_iota_perispomeni_prosgegrammeni,0,-406,961,1631
309,epsilon_iota_sigma,60,623,904,1621
310,epsilon_nu,8,946,657,1845
311,epsilon_nu_2,-1,901,661,1644
312,epsilon_perispomeni,-205,-7,737,1548
313,epsilon_psili_nu,0,-389,1531,1909
314,epsilon_psili_perispomeni,-117,-7,825,2143
315,epsilon_psili_stigma_iota,-129,-18,1890,1520
316,epsilon_psili_stigma_iota_varia,-129,-18,1998,1606
317,epsilon_psili_xi,-8,-485,1669,1613
318,epsilon_rho,0,-938,1362,1124
319,epsilon_rho_2,0,-432,771,1315
320,epsilon_stigma_iota,18,-18,1890,1428
321,epsilon_upsilon,0,-9,1335,1456
322,epsilon_upsilon_2,0,-1,1218,1480
323,epsilondasia-grek,0,-7,635,1828
324,epsilondasiaoxia-grek,-277,-7,849,1820
325,epsilondasiavaria-grek,-286,-7,849,1824
326,epsilonoxia-grek,0,-7,635,1746
327,epsilonpsili-grek,0,-7,635,1824
328,epsilonpsilioxia-grek,-196,-7,849,1820
329,epsilonpsilivaria-grek,-228,-7,853,1824
330,epsilontonos-grek,0,-7,635,1722
331,epsilonvaria-grek,0,-7,635,1742
332,epsion_iota_2_perispomeni,0,-177,1052,1931
333,equal,0,629,491,879
334,eta-grek,0,-11,691,927
335,eta_2,0,-214,684,989
336,eta_2_perispomeni,0,-214,942,1533
337,eta_nu,0,-5,1510,1503
338,eta_perispomeni_nu,0,-5,1510,1503
339,eta_tonos_nu,0,-5,1510,1578
340,eta_varia_nu,0,-5,1510,1578
341,eta_varia_nu_2,5,-18,1121,1654
342,eta_ypogegrammeni_fin_sigma,142,927,747,1483
343,etadasia-grek,0,-11,691,1822
344,etadasiaoxia-grek,-221,-11,905,1829
345,etadasiaoxiaypogegrammeni-grek,-221,-407,905,1829
346,etadasiaperispomeni-grek,-89,-11,853,2215
347,etadasiaperispomeniypogegrammeni-grek,-89,-407,853,2196
348,etadasiavaria-grek,-230,-11,905,1826
349,etadasiavariaypogegrammeni-grek,-230,-407,905,1826
350,etadasiaypogegrammeni-grek,0,-407,691,1822
351,etaoxia-grek,0,-11,691,1736
352,etaoxiaypogegrammeni-grek,0,-407,691,1736
353,etaperispomeni-grek,-89,-11,853,1497
354,etaperispomeniypogegrammeni-grek,-89,-407,853,1497
355,etapsili-grek,0,-11,691,1822
356,etapsilioxia-grek,-140,-11,905,1829
357,etapsilioxiaypogegrammeni-grek,-140,-407,905,1829
358,etapsiliperispomeni-grek,-89,-11,853,2186
359,etapsiliperispomeniypogegrammeni-grek,-89,-407,853,2169
360,etapsilivaria-grek,-176,-11,905,1828
361,etapsilivariaypogegrammeni-grek,-176,-407,905,1828
362,etapsiliypogegrammeni-grek,0,-407,691,1822
363,etatonos-grek,0,-11,691,1731
364,etavaria-grek,0,-11,691,1742
365,etavariaypogegrammeni-grek,0,-407,691,1742
366,etaypogegrammeni-grek,0,-407,691,927
367,exclam,0,-132,272,1400
368,exclamdown,0,-132,272,1400
369,f,0,0,713,1450
370,finalkaf-hebr,0,-300,1054,1328
371,finalmem-hebr,0,1,1129,1326
372,finalnun-hebr,0,-211,703,1325
373,finalpe-hebr,0,-406,998,1326
374,finalsigma-grek,0,-277,670,922
375,finaltsadi-hebr,0,-404,981,1327
376,five,0,-184,759,1160
377,four,0,-227,1231,1085
378,g,0,-309,848,935
379,gamma-grek,0,-351,992,919
380,gamma_alpha_varia_rho,0,-385,2105,1494
381,gamma_alpha_varia_rho_2,0,-399,810,1305
382,gamma_alpha_varia_rho_3,0,-399,1714,1117
383,gamma_alpha_varia_rho_4,1,-3,1075,1986
384,gamma_alpha_varia_rho_5,1,-386,2895,1541
385,gamma_epsilon_nu_oxia,0,-440,2232,1610
386,gamma_gamma,0,-421,1863,1202
387,gamma_omicron,0,-352,1494,953
388,gamma_omicron_2,0,-12,978,913
389,gamma_rho,0,-394,1648,952
390,gamma_short,0,-12,691,987
391,gamma_tall,0,-16,761,1636
392,gimel-hebr,0,10,904,1349
393,grave,0,1328,292,1709
394,gravecomb,-381,1156,143,1838
395,gravemod,-373,1169,151,1851
396,gravetonemarkcomb,-715,1168,-191,1850
397,greater,0,290,911,1168
398,greekdialytikatonoscomb,-962,998,-267,1980
399,greekdialytikatonosmod,-1,995,694,1977
400,greekkoroniscomb,-763,1046,-176,1750
401,greeknumeralsignmod,216,1174,740,1856
402,greekperispomenicomb,-1077,1114,-135,1567
403,greekquestionmark,0,-281,316,624
404,greekypogegrammenicomb,-331,-412,-61,-150
405,guillemotleft,0,709,511,1147
406,guillemotright,0,709,511,1147
407,h,-19,0,873,1459
408,hatafpatahcomb-hebr,-318,-587,318,-169
409,hatafqamatscomb-hebr,-325,-587,311,-169
410,hatafsegolcomb-hebr,-357,-587,358,-169
411,he-hebr,0,23,1032,1327
412,het-hebr,0,17,1146,1264
413,hiriqcomb-hebr,-82,-333,82,-169
414,holamcomb-hebr,168,1222,332,1386
415,holamhaserforvavcomb-hebr,168,1222,332,1386
416,hyphen,0,629,464,713
417,i,0,0,416,1352
418,idotless,0,0,391,913
419,invertedbrevebelowcomb,51,-504,955,-66
420,iota-grek,0,-2,323,930
421,iota_sigma,-436,1045,775,1611
422,iotadasia-grek,-95,-2,492,1805
423,iotadasiaoxia-grek,-229,-2,897,1828
424,iotadasiaperispomeni-grek,-141,-2,801,2201
425,iotadasiavaria-grek,-233,-2,902,1828
426,iotadialytika-grek,-75,-2,593,1315
427,iotadialytikaoxia-grek,-138,-2,557,2034
428,iotadialytikaperispomeni-grek,-157,-2,785,2014
429,iotadialytikatonos-grek,0,-2,695,2010
430,iotadialytikavaria-grek,-161,-2,484,2163
431,iotamacron-grek,-194,-2,611,1288
432,iotaoxia-grek,-64,-2,460,1746
433,iotaperispomeni-grek,-231,-2,711,1497
434,iotapsili-grek,-95,-2,492,1820
435,iotapsilioxia-grek,-230,-2,815,1828
436,iotapsiliperispomeni-grek,-141,-2,801,2154
437,iotapsilivaria-grek,-235,-2,846,1768
438,iotatonos-grek,-54,-2,470,1734
439,iotavaria-grek,-63,-2,461,1738
440,iotavrachy-grek,-244,-2,660,1490
441,j,0,-332,594,1352
442,jdotless,0,-332,541,961
443,k,0,1,940,1434
444,kaf-hebr,0,-71,1007,1333
445,kaisymbol-grek,-2,-470,1155,932
446,kappa-grek,0,-3,890,918
447,kappa_alpha_iota_2_varia,0,-35,2247,1610
448,kappa_alpha_iota_3_varia,0,12,1664,1662
449,kappa_alpha_iota_4_varia,-1,-670,2223,1782
450,kappa_alpha_iota_5_varia,-2,-470,1155,1674
451,kappa_alpha_tau_alpha,0,-412,1981,1554
452,koronismod-grek,-230,1039,357,1743
453,l,0,0,396,1454
454,lambda_apostrophe,0,-83,1098,1683
455,lambda_iota_per_fin_sigma,0,-83,1304,1901
456,lambda_lambda,0,-34,1563,1237
457,lambda_omicron_final_sigma,0,-83,1068,1544
458,lamda-grek,0,-83,1023,1226
459,lamed-hebr,0,17,1088,2014
460,lefthalfringcomb,-768,1026,-181,1730
461,lefthalfringmod,-772,1032,-185,1736
462,less,0,290,911,1168
463,logicalnot,0,374,828,715
464,longs,0,0,713,1450
465,lowernumeralsignmod-grek,151,-704,675,-22
466,m,0,0,1481,954
467,macron,0,1324,464,1408
468,macroncomb,-820,1117,-15,1353
469,maqaf-hebr,30,830,612,1053
470,marklowerdotcomb-hebr,-157,-943,155,-620
471,markmasoracirclecomb-hebr,-195,1306,195,1696
472,markupperdotcomb-hebr,-157,1674,155,1997
473,mem-hebr,-2,-104,1310,1326
474,metegcomb-hebr,-42,-582,43,-174
475,mu,0,-270,865,922
476,mu-grek,0,-378,1390,930
477,mu_alpha_fin_sigma,0,-378,1982,1634
478,mu_epsilon_iota_perispomeni_nu,0,-378,1796,1783
479,mu_epsilon_nu,1,-370,2377,1375
480,mu_epsilon_nu_2,0,-358,2385,1367
481,mu_epsilon_nu_3,0,-405,2991,991
482,mu_epsilon_tonos_nu,1,-370,2377,1851
483,mu_epsilon_varia_2_nu,0,-405,2991,1813
484,mu_epsilon_varia_nu,0,-358,2385,1865
485,n,0,0,909,954
486,nine,0,-17,1044,1076
487,nu-grek,0,-6,511,919
488,nu_alpha_iota_final_sigma,0,-6,1024,1450
489,nu_final,-72,-508,803,956
490,nu_omicrn_final_sigma,0,-6,663,1544
491,numbersign,0,297,764,1188
492,nun-hebr,0,-3,750,1331
493,o,0,-29,957,950
494,omega-grek,0,-9,1076,924
495,omega_nu,-560,1207,284,1615
496,omega_nu_2,-248,626,596,1630
497,omega_perispomeni_nu,-563,1121,575,1574
498,omega_perispomeni_sigma,16,29,1270,2059
499,omegadasia-grek,0,-9,1076,1822
500,omegadasiaoxia-grek,0,-9,1140,1823
501,omegadasiaoxiaypogegrammeni-grek,0,-411,1140,1823
502,omegadasiaperispomeni-grek,0,-9,1076,2191
503,omegadasiaperispomeniypogegrammeni-grek,0,-405,1076,2162
504,omegadasiavaria-grek,0,-9,1137,1827
505,omegadasiavariaypogegrammeni-grek,0,-393,1137,1827
506,omegadasiaypogegrammeni-grek,0,-387,1076,1822
507,omegaoxia-grek,0,-9,1076,1731
508,omegaoxiaypogegrammeni-grek,0,-408,1076,1728
509,omegaperispomeni-grek,0,-9,1076,1499
510,omegaperispomeniypogegrammeni-grek,0,-405,1076,1499
511,omegapsili-grek,0,-9,1076,1829
512,omegapsilioxia-grek,0,-9,1103,1822
513,omegapsilioxiaypogegrammeni-grek,0,-411,1103,1822
514,omegapsiliperispomeni-grek,0,-9,1076,2175
515,omegapsiliperispomeniypogegrammeni-grek,0,-405,1076,2156
516,omegapsilivaria-grek,0,-9,1123,1822
517,omegapsilivariaypogegrammeni-grek,0,-421,1123,1822
518,omegapsiliypogegrammeni-grek,0,-399,1076,1829
519,omegatonos-grek,0,-9,1076,1728
520,omegavaria-grek,0,-9,1076,1752
521,omegavariaypogegrammeni-grek,0,-408,1076,1752
522,omegaypogegrammeni-grek,0,-405,1076,924
523,omicron-grek,0,-12,666,946
524,omicron_dasia_perispomeni,-73,-12,869,2158
525,omicron_iota_peris_final_sigma,-3,1154,990,1621
526,omicron_iota_perispomeni_sigma,2,811,994,1806
527,omicron_perispomeni,-73,-12,869,1571
528,omicron_psili_perispomeni,-73,-12,869,2143
529,omicron_sigma,0,-23,2181,1574
530,omicron_sigma_2,0,1199,802,1607
531,omicron_sigma_varia,-616,1045,-42,1610
532,omicron_upsilon,23,8,974,1260
533,omicron_upsilon_perispomeni,23,8,974,1715
534,omicron_upsilon_tonos,0,8,930,1847
535,omicron_varia_sigma,-616,1045,387,1615
536,omicrondasia-grek,0,-12,666,1812
537,omicrondasiaoxia-grek,-139,-12,987,1828
538,omicrondasiavaria-grek,-139,-12,996,1824
539,omicronoxia-grek,0,-12,666,1750
540,omicronpsili-grek,0,-12,666,1824
541,omicronpsilioxia-grek,-141,-12,904,1828
542,omicronpsilivaria-grek,-141,-12,940,1776
543,omicrontonos-grek,0,-12,688,1750
544,omicronvaria-grek,0,-12,666,1748
545,one,0,0,593,1167
546,onehalf,0,501,802,1446
547,onequarter,0,485,801,1446
548,ordfeminine,-1,1125,444,1644
549,ordmasculine,0,1066,524,1644
550,overlinecomb,-981,1154,53,1317
551,oxiamod-grek,0,1174,524,1856
552,p,-21,-379,923,1061
553,paragraph,0,1,549,1033
554,parenleft,0,-160,608,1389
555,parenright,0,-160,608,1389
556,patahcomb-hebr,-183,-288,183,-194
557,pe-hebr,0,-149,966,1326
558,percent,0,13,1016,1293
559,period,0,-74,269,188
560,periodcentered,0,503,271,766
561,perispomenimod-grek,0,1095,942,1548
562,phi-grek,0,-358,1027,1155
563,phi_apostrophe,0,-358,1257,1683
564,phi_iota,0,-303,1885,1262
565,phi_iota_tonos,0,-303,1885,1858
566,phisymbol-grek,0,-430,940,950
567,pi-grek,0,-11,1277,922
568,pi_alpha_rho,0,-495,2094,1975
569,pi_apostrophe,0,-11,1277,1683
570,pi_epsilon_nu,0,-10,1616,1882
571,pi_epsilon_nu2,0,-11,1401,1858
572,pi_epsilon_rho,0,-480,1955,1736
573,pi_omicron,0,-14,1481,1060
574,pi_omicron_final_sigma,0,-10,1610,1544
575,pi_omicron_varia,0,-14,1481,1750
576,pi_rho,0,-470,1674,994
577,pi_rho_omicron_final_sigma,0,-470,1878,1548
578,pi_tau,0,-387,1714,1634
579,pisymbol-grek,0,-10,1567,951
580,pisymbol_apostrophe,0,-10,1567,1683
581,plus,0,335,764,1101
582,plusminus,0,184,764,1138
583,primemod,216,1174,740,1856
584,prosgegrammeni-grek,0,-362,97,-83
585,psi-grek,1,-385,1067,1367
586,psi_eta_ypog_fin_sigma,157,-383,1478,1679
587,psilimod-grek,-230,1039,357,1743
588,psilioxiamod-grek,-230,1039,815,1743
589,psiliperispomenimod-grek,-240,1043,702,2319
590,psilivariamod-grek,-230,1039,851,1743
591,punctuationgeresh-hebr,75,685,381,1137
592,punctuationgershayim-hebr,75,676,681,1137
593,punctuationnunhafukha-hebr,0,5,750,1372
594,punctuationpaseq-hebr,200,-175,299,1229
595,punctuationsofpasuq-hebr,86,-22,408,976
596,q,0,-375,914,1042
597,qamatscomb-hebr,-183,-587,183,-194
598,qamatsqatancomb-hebr,-186,-637,186,-184
599,qof-hebr,0,-113,1098,1326
600,qubutscomb-hebr,-272,-592,272,-164
601,question,0,-127,781,1331
602,questiondown,0,-127,781,1331
603,quotedbl,0,1161,421,1597
604,quotesingle,0,1161,170,1593
605,r,0,0,746,954
606,rafecomb-hebr,-236,1224,237,1318
607,registered,0,106,872,954
608,resh-hebr,0,9,829,1315
609,reversedcommacomb,-660,1036,-73,1740
610,rho-grek,0,-782,713,907
611,rhodasia-grek,0,-782,713,1819
612,rhopsili-grek,0,-782,713,1817
613,righthalfringcomb,-691,1056,-104,1760
614,righthalfringmod,-583,1041,4,1745
615,ringcomb,-616,1045,-42,1610
616,ringmod,-117,1102,409,1618
617,s,0,-10,600,950
618,samekh-hebr,0,9,961,1326
619,section,0,303,451,1292
620,segolcomb-hebr,-221,-577,221,-169
621,semicolon,0,-281,316,624
622,seven,0,-333,1004,919
623,shevacomb-hebr,-82,-587,82,-169
624,shin-hebr,0,4,1510,1326
625,shindotcomb-hebr,306,1222,470,1386
626,sigma-grek,0,0,1116,1018
627,sigma_2,-1,-221,521,945
628,sigma_chi,0,-266,1444,1199
629,sigma_epsilon_nu,0,0,1401,1858
630,sigma_eta_ypog_fin_sigma,0,0,1129,1664
631,sigma_pi,0,-1,2136,1111
632,sigma_sigma,0,-49,1325,921
633,sigma_tau,0,0,727,922
634,sigma_tau_rho,0,-467,1331,937
635,sigma_theta,0,-12,1368,1559
636,sigma_theta_alpha_iota,0,-364,1953,1788
637,sindotcomb-hebr,-502,1222,-338,1386
638,six,0,-1,1119,1312
639,slant_1,0,0,553,1476
640,slant_2,0,335,894,991
641,slash,0,-127,351,1317
642,sterling,0,180,621,1265
643,strokelongcomb,-941,415,53,512
644,t,2,-22,600,1201
645,tau-grek,0,-16,1055,928
646,tau_alpha_iota,18,-680,1325,1042
647,tau_alpha_iota_2,-150,-3,1097,1642
648,tau_alpha_iota_fin_sig,17,-1,1702,1453
649,tau_alpha_iota_fin_sig_per,17,-1,1702,1887
650,tau_apostrophe,17,-1,1230,1685
651,tau_epsilon,-2,-4,1400,1004
652,tau_epsilon_final_sigma,17,-1,1520,1450
653,tau_eta_perispomeni_sigma,0,-24,1893,1613
654,tau_eta_perispomeni_sigma_2,0,-4,1125,1629
655,tau_eta_varia2_nu,0,-147,2700,1630
656,tau_eta_varia_nu,0,-20,1631,1652
657,tau_iota,0,0,996,1724
658,tau_iota_per_fin_sigma,17,-1,1304,1901
659,tau_omega_perispomeni_nu,0,-70,2522,1741
660,tau_omega_perispomeni_nu_2,0,-4,1165,1532
661,tau_omega_perispomeni_prosgegrammeni,0,-276,2237,1696
662,tau_omicron,0,-4,1094,987
663,tau_omicron_2,17,-6,1553,926
664,tau_omicron_final_sigma,17,-1,1230,1544
665,tau_omicron_upsilon_perispomeni,0,-1,985,1768
666,tau_omicron_upsilon_perispomeni_2,0,-127,1953,997
667,tau_omicron_varia,0,-4,1094,1750
668,tau_omicron_varia_2,0,20,1340,1768
669,tau_omicron_varia_3,0,1,1416,1792
670,tau_omicron_varia_4,17,-6,1553,1761
671,tau_omicron_varia_nu,0,-9,1067,1712
672,tau_rho,0,-395,1282,1640
673,tau_rho_2,-9,-677,1566,1053
674,tau_rho_omicron_final_sigma,0,-395,1847,1640
675,tau_tall,-258,-1,616,1639
676,tau_tall_apostrophe,-258,-1,1148,1896
677,tau_tall_iota_per_fin_sigma,-258,-1,1304,1901
678,tau_tall_omicron_final_sigma,-258,-1,1106,1644
679,tau_tall_omicron_sigma,-258,-1,1772,2065
680,tau_tall_tau,0,-413,1412,1608
681,tav-hebr,0,2,1215,1433
682,tet-hebr,0,10,1181,1310
683,theta-grek,0,-13,596,1371
684,theta_apostrophe,0,-13,1015,1683
685,theta_symbol_apostrophe,0,-137,1416,1682
686,thetasymbol-grek,0,-137,1058,1487
687,three,0,-325,592,1034
688,threequarters,0,485,803,1437
689,tildecomb,-1146,1107,-204,1560
690,tildemod,-896,1327,-82,1672
691,tonosmod-grek,216,1174,740,1856
692,tsadi-hebr,0,-148,981,1327
693,tserecomb-hebr,-209,-333,209,-169
694,two,0,-3,996,1155
695,u,0,-29,865,922
696,underscore,0,-82,564,-2
697,uni00AD,0,629,464,713
698,uni00B2,0,1055,498,1634
699,uni00B3,-2,965,296,1644
700,uni00B9,0,1054,297,1638
701,uniE6DC,0,-351,1224,1407
702,uniE766,0,-378,1401,1544
703,upsilon-grek,0,-4,707,934
704,upsilon_dasia_iota,0,-527,695,1726
705,upsilon_nu,0,-19,1590,930
706,upsilon_perispomeni,-1,0,1238,1473
707,upsilon_perispomeni_nu,0,-19,1590,1632
708,upsilon_psili_perispomeni_nu,0,-19,1590,2151
709,upsilon_tonos,-1,0,946,1349
710,upsilon_tonos_nu,0,-19,1590,1713
711,upsilon_varia_nu,0,-19,1590,1713
712,upsilondasia-grek,0,-4,707,1828
713,upsilondasiaoxia-grek,-141,-4,985,1838
714,upsilondasiaperispomeni-grek,-81,-4,861,2212
715,upsilondasiavaria-grek,-139,-4,996,1828
716,upsilondialytika-grek,0,-4,707,1319
717,upsilondialytikaoxia-grek,0,-4,707,2030
718,upsilondialytikaperispomeni-grek,-80,-4,862,2013
719,upsilondialytikatonos-grek,0,-4,707,2044
720,upsilondialytikavaria-grek,0,-4,707,2181
721,upsilonmacron-grek,-12,-4,793,1292
722,upsilonoxia-grek,0,-4,707,1749
723,upsilonperispomeni-grek,-81,-4,861,1497
724,upsilonpsili-grek,0,-4,707,1823
725,upsilonpsilioxia-grek,-132,-4,913,1827
726,upsilonpsiliperispomeni-grek,-81,-4,861,2193
727,upsilonpsilivaria-grek,-136,-4,945,1828
728,upsilontonos-grek,0,-4,707,1738
729,upsilonvaria-grek,0,-4,707,1746
730,upsilonvrachy-grek,-62,-4,842,1494
731,v,0,0,996,922
732,variamod-grek,0,1174,524,1856
733,vav-hebr,0,6,661,1341
734,w,0,0,1493,925
735,x,0,-29,955,922
736,xi-grek,0,-400,665,1349
737,xi_2,0,-341,784,1585
738,y,0,-388,932,924
739,yen,0,171,861,1184
740,yiddishdoublevav-hebr,0,6,1204,1341
741,yiddishdoubleyod-hebr,-30,559,1085,1326
742,yiddishvavyod-hebr,0,6,1253,1341
743,yod-hebr,0,559,546,1326
744,ypogegrammenimod-grek,-331,-412,-61,-150
745,z,0,0,944,920
746,zayin-hebr,0,0,764,1506
747,zero,0,0,1026,1156
748,zeta-grek,0,-403,699,1588
749,zeta_2,0,-314,739,1603
750,zeta_3,0,-193,839,1617
